origin;dest;count;time
l1;l2;1;1819
l1;l5;2;1819
l1;l4;1;1819
l1;l12;5;1819
l1;l8;1;1819
l1;l916;1;1819
l1;l14;1;1819
l2;l3;1;1819
l3;l4;1;1819
l18;l5;3;1819
l18;l14;2;1819
l18;l107;2;1819
l18;l4;2;1819
l18;l9;1;1819
l5;l12;2;1819
l5;l107;1;1819
l5;l1;14;1819
l5;l141;1;1819
l5;l108;1;1819
l5;l37;1;1819
l12;l22;2;1819
l12;l15;1;1819
l12;l107;2;1819
l12;l279;1;1819
l12;l11;1;1819
l107;l14;4;1819
l107;l15;5;1819
l14;l19;15;1819
l4;l11;1;1819
l4;l107;2;1819
l4;l5;2;1819
l4;l1;1;1819
l11;l5;5;1819
l19;l5;8;1819
l19;l11;1;1819
l19;l1;1;1819
l55;l12;3;1819
l15;l14;4;1819
l15;l13;2;1819
l13;l14;2;1819
l8;l20;1;1819
l916;l14;1;1819
l58;l4;1;1819
l279;l11;1;1819
l9;l5;1;1819
l9;l107;1;1819
l37;l107;1;1819
l4;l5;2;1820
l4;l58;1;1820
l4;l11;1;1820
l4;l107;3;1820
l5;l6;1;1820
l5;l108;2;1820
l5;l70;1;1820
l5;l14;2;1820
l5;l1;17;1820
l5;l37;1;1820
l1;l12;3;1820
l1;l4;3;1820
l1;l57;1;1820
l1;l5;2;1820
l1;l14;5;1820
l1;l8;1;1820
l1;l68;1;1820
l1;l11;1;1820
l12;l11;3;1820
l12;l4;2;1820
l12;l5;1;1820
l12;l107;2;1820
l22;l14;2;1820
l14;l19;16;1820
l19;l5;13;1820
l19;l16;1;1820
l19;l11;3;1820
l16;l5;1;1820
l11;l5;4;1820
l11;l70;1;1820
l11;l8;1;1820
l58;l20;1;1820
l20;l5;1;1820
l20;l11;1;1820
l57;l4;1;1820
l57;l8;1;1820
l107;l14;5;1820
l107;l15;1;1820
l15;l13;1;1820
l13;l14;1;1820
l21;l8;2;1820
l21;l57;1;1820
l8;l9;3;1820
l8;l5;1;1820
l37;l107;1;1820
l68;l8;1;1820
l9;l4;1;1820
l55;l12;1;1820
l1;l11;2;1828
l1;l12;1;1828
l1;l4;6;1828
l1;l14;3;1828
l1;l13;1;1828
l1;l8;1;1828
l1;l9;2;1828
l11;l2;1;1828
l11;l5;1;1828
l11;l9;1;1828
l2;l5;1;1828
l16;l5;1;1828
l5;l147;1;1828
l5;l6;1;1828
l5;l70;1;1828
l5;l9;1;1828
l5;l1;14;1828
l5;l12;1;1828
l5;l1241;1;1828
l147;l1;1;1828
l6;l8;1;1828
l12;l13;2;1828
l12;l107;1;1828
l13;l14;5;1828
l13;l19;1;1828
l14;l5;1;1828
l14;l19;12;1828
l85;l12;1;1828
l85;l5;1;1828
l107;l13;2;1828
l107;l15;3;1828
l107;l14;1;1828
l19;l5;6;1828
l19;l11;1;1828
l9;l107;2;1828
l9;l5;2;1828
l9;l14;2;1828
l15;l13;1;1828
l15;l14;2;1828
l4;l8;1;1828
l4;l107;3;1828
l4;l20;1;1828
l4;l58;3;1828
l4;l5;3;1828
l8;l58;1;1828
l8;l78;1;1828
l8;l20;2;1828
l8;l9;1;1828
l18;l8;1;1828
l18;l4;2;1828
l18;l5;1;1828
l20;l58;1;1828
l20;l4;1;1828
l58;l9;2;1828
l58;l8;1;1828
l357;l9;1;1828
l5;l6;1;1829
l5;l70;1;1829
l5;l1;15;1829
l5;l107;1;1829
l5;l147;1;1829
l1;l14;1;1829
l1;l8;2;1829
l1;l5;1;1829
l1;l58;1;1829
l1;l4;2;1829
l1;l20;1;1829
l18;l12;1;1829
l18;l8;1;1829
l18;l244;1;1829
l12;l13;1;1829
l13;l14;1;1829
l13;l221;1;1829
l13;l16;1;1829
l8;l78;1;1829
l8;l9;1;1829
l8;l20;1;1829
l19;l5;6;1829
l19;l72;1;1829
l19;l11;1;1829
l58;l4;2;1829
l58;l9;2;1829
l4;l5;3;1829
l4;l11;1;1829
l4;l58;1;1829
l4;l107;1;1829
l78;l4;1;1829
l11;l1;3;1829
l11;l5;1;1829
l107;l13;1;1829
l107;l15;1;1829
l221;l14;2;1829
l72;l147;1;1829
l9;l11;1;1829
l9;l5;1;1829
l9;l323;1;1829
l9;l8;1;1829
l20;l4;1;1829
l20;l9;1;1829
l323;l1;1;1829
l15;l13;1;1829
l16;l221;1;1829
l244;l8;1;1829
l1;nan;1;1720
l1;l11;2;1720
l1;l85;1;1720
l1;l5;1;1720
l85;l22;1;1720
l85;l14;1;1720
l85;l57;1;1720
l85;nan;1;1720
l85;l1;1;1720
l22;l14;1;1720
l14;l15;1;1720
l14;l11;1;1720
l15;l4;1;1720
l57;l4;1;1720
l4;l76;1;1720
l4;l11;1;1720
l4;l5;1;1720
l76;l4;1;1720
l18;nan;2;1720
nan;l11;1;1720
l31;l30;1;1720
l30;l28;1;1720
l28;l4;1;1720
l5;l97;3;1720
l5;l11;1;1720
l5;l141;1;1720
l11;l4;1;1720
l11;l5;2;1720
l126;l5;1;1720
l1;l4;4;1802
l1;l323;1;1802
l1;l11;3;1802
l1;l14;5;1802
l1;l5;3;1802
l4;l5;5;1802
l4;l107;3;1802
l4;l8;3;1802
l4;l58;7;1802
l4;l59;1;1802
l28;l98;2;1802
l28;l5;3;1802
l28;l12;1;1802
l98;l28;1;1802
l98;l5;1;1802
l5;l51;6;1802
l5;l127;1;1802
l5;l108;6;1802
l5;l37;1;1802
l5;l70;4;1802
l5;l1;26;1802
l5;l11;3;1802
l5;l18;1;1802
l14;l19;20;1802
l19;l5;18;1802
l18;l4;4;1802
l18;l57;2;1802
l18;l12;3;1802
l107;l15;2;1802
l107;l14;1;1802
l107;l4;1;1802
l15;l14;3;1802
l8;l9;5;1802
l8;l20;4;1802
l8;l58;1;1802
l9;l5;7;1802
l9;l4;2;1802
l9;l11;1;1802
l20;l5;3;1802
l20;l11;1;1802
l20;l4;2;1802
l37;l107;1;1802
l12;l5;2;1802
l12;l15;1;1802
l12;l28;1;1802
l12;l30;1;1802
l12;l33;1;1802
l12;l8;1;1802
l12;l14;1;1802
l57;l4;2;1802
l58;l9;6;1802
l58;l20;2;1802
l59;l5;1;1802
l59;l58;1;1802
l11;l5;1;1802
l11;l4;2;1802
l11;l12;1;1802
l11;l84;1;1802
l11;l194;1;1802
l11;l8;1;1802
l323;l14;1;1802
nan;l5;1;1802
l33;l12;1;1802
l131;l117;1;1802
l78;l4;1;1802
l157;l4;1;1802
l125;l14;1;1802
l5;l51;3;1803
l5;l70;2;1803
l5;l108;9;1803
l5;l144;1;1803
l5;l131;5;1803
l5;l8;1;1803
l5;l1;14;1803
l5;l11;1;1803
l5;l85;1;1803
l5;l12;1;1803
l5;l170;1;1803
l5;nan;1;1803
l5;l37;1;1803
l5;l94;1;1803
l5;l21;1;1803
l8;l20;3;1803
l8;l9;4;1803
l8;l58;1;1803
l20;l5;3;1803
l20;l9;4;1803
l20;l4;1;1803
l1;l14;6;1803
l1;l5;4;1803
l1;l57;1;1803
l1;l107;1;1803
l1;l4;5;1803
l1;l11;1;1803
l1;l41;1;1803
l1;l95;1;1803
l14;l19;12;1803
l85;l68;3;1803
l85;l70;1;1803
l68;l4;3;1803
l68;l58;2;1803
l68;l8;2;1803
l9;l143;1;1803
l9;l107;1;1803
l9;l4;2;1803
l9;l20;1;1803
l9;l37;1;1803
l9;l5;7;1803
l9;l194;1;1803
l9;l8;1;1803
l143;l4;1;1803
l4;l5;9;1803
l4;l78;1;1803
l4;l58;5;1803
l4;l8;2;1803
l4;l107;1;1803
l4;l91;1;1803
l144;l1;1;1803
l15;l5;1;1803
l15;l14;2;1803
l107;l5;1;1803
l107;l15;1;1803
l107;l14;2;1803
l131;l108;1;1803
l131;l1;2;1803
l131;nan;1;1803
l131;l18;1;1803
l18;l4;3;1803
l18;l58;1;1803
l18;l57;2;1803
l18;l68;4;1803
l18;l14;1;1803
l78;l58;2;1803
l58;l20;3;1803
l58;l9;6;1803
l11;l4;2;1803
l11;l12;1;1803
l11;l5;1;1803
l19;l5;3;1803
l19;l15;6;1803
l55;l12;1;1803
l12;l15;1;1803
l12;l2;1;1803
l12;l14;1;1803
l12;l32;1;1803
l12;l5;3;1803
l57;l4;1;1803
l57;l11;1;1803
l57;l9;1;1803
l30;l5;1;1803
l2;l12;1;1803
l32;l12;1;1803
l84;l8;1;1803
l170;l1;1;1803
l194;l8;1;1803
l194;l59;1;1803
l59;l5;1;1803
l117;l14;1;1803
l37;l107;1;1803
nan;l4;1;1803
l94;l1;1;1803
l21;l1;1;1803
l41;l4;1;1803
l95;l4;1;1803
l91;l78;1;1803
l18;l53;1;1787
l18;l4;2;1787
l18;l14;1;1787
l18;l5;1;1787
l18;l57;1;1787
l53;l14;1;1787
l14;l16;1;1787
l14;l19;16;1787
l107;l15;1;1787
l107;l14;3;1787
l15;l14;1;1787
l19;l5;19;1787
l19;l926;1;1787
l19;l11;2;1787
l5;l108;4;1787
l5;l1;25;1787
l5;l22;1;1787
l5;l5;1;1787
l16;l5;1;1787
l1;l12;2;1787
l1;l14;4;1787
l1;l57;3;1787
l1;l41;1;1787
l1;nan;1;1787
l1;l4;2;1787
l1;l11;2;1787
l1;l129;1;1787
l12;l14;4;1787
l12;l107;1;1787
l12;l5;1;1787
l4;l11;1;1787
l4;l29;1;1787
l4;l14;3;1787
l4;l107;2;1787
l4;l58;2;1787
l11;l5;3;1787
l11;l4;2;1787
l11;l58;1;1787
l704;l5;1;1787
l29;l12;1;1787
l22;l37;1;1787
l37;l333;1;1787
l37;l5;1;1787
l333;l37;1;1787
l57;l12;1;1787
l57;l11;1;1787
l57;l4;1;1787
l57;l58;1;1787
l41;l4;1;1787
l41;l12;1;1787
l46;l12;1;1787
l129;l41;1;1787
l58;l9;4;1787
l9;l12;1;1787
l926;l5;1;1787
l16;l5;1;1788
l5;l51;1;1788
l5;l108;3;1788
l5;l1;17;1788
l5;nan;1;1788
l5;l22;1;1788
l5;l37;1;1788
l4;l37;1;1788
l4;l14;2;1788
l4;l91;1;1788
l4;l22;2;1788
l4;l107;1;1788
l4;l58;2;1788
l4;l15;2;1788
l4;l46;1;1788
l4;l5;1;1788
l37;l14;2;1788
l14;l19;14;1788
l14;l5;1;1788
l14;l1;1;1788
l19;l11;1;1788
l19;l5;18;1788
l1;l41;1;1788
l1;l4;3;1788
l1;l57;6;1788
l1;l526;1;1788
l1;l14;2;1788
l1;l5;3;1788
l1;l103;1;1788
l41;l12;2;1788
l41;l4;1;1788
l12;l14;2;1788
l12;l4;1;1788
l12;l22;2;1788
l12;l107;1;1788
l12;l5;2;1788
l12;l30;1;1788
l18;l4;2;1788
l18;l12;1;1788
l18;l57;1;1788
l18;l123;1;1788
l91;l4;1;1788
l22;l14;5;1788
l57;l4;2;1788
l57;l41;2;1788
l57;l58;1;1788
l57;l12;1;1788
l57;l40;1;1788
l107;l14;2;1788
l526;l12;1;1788
l58;l9;2;1788
l58;l37;1;1788
l15;l14;2;1788
l9;l4;2;1788
l9;l5;1;1788
l46;l12;1;1788
l30;l28;1;1788
l30;l12;1;1788
l28;l30;1;1788
l123;l12;1;1788
l21;l11;1;1788
l11;l8;1;1788
l1;nan;2;1809
l18;l107;3;1809
l18;l57;15;1809
l18;l12;4;1809
l18;l41;1;1809
l18;l4;2;1809
l18;l9;1;1809
l18;l5;1;1809
l18;l8;2;1809
l18;l95;1;1809
l18;l14;1;1809
l107;l19;1;1809
l107;l5;8;1809
l107;l16;2;1809
l107;l14;3;1809
l107;l15;3;1809
l19;l14;1;1809
l19;l5;9;1809
l19;l54;1;1809
l19;l107;5;1809
l19;l108;1;1809
l19;nan;1;1809
l14;l19;10;1809
l12;l5;2;1809
l12;l107;3;1809
l12;l244;4;1809
l12;l120;1;1809
l12;l11;2;1809
l5;l97;1;1809
l5;l108;7;1809
l5;l1;20;1809
l5;l58;1;1809
l5;nan;1;1809
l54;l107;1;1809
l11;l5;12;1809
l11;l72;1;1809
l57;l4;11;1809
l57;l41;1;1809
l57;l12;2;1809
l57;l5;1;1809
l4;l58;9;1809
l4;l59;2;1809
l4;l8;4;1809
l4;l11;4;1809
l4;l107;3;1809
l4;l5;1;1809
l4;l95;1;1809
l4;l91;1;1809
l58;l9;14;1809
l58;l4;1;1809
l58;l408;2;1809
l9;l78;5;1809
l9;l4;9;1809
l9;l5;1;1809
l9;l244;2;1809
l9;l11;1;1809
l9;l107;2;1809
l9;l8;1;1809
l9;nan;1;1809
l78;l4;4;1809
l78;l401;1;1809
l78;l58;1;1809
l59;l5;2;1809
l59;l4;1;1809
l16;l14;2;1809
l41;l12;2;1809
l8;l58;5;1809
l8;l9;4;1809
l244;l5;4;1809
l244;l11;1;1809
l244;nan;1;1809
l72;l1;1;1809
l95;l58;1;1809
l95;l59;1;1809
l15;l14;3;1809
l408;l9;3;1809
nan;l11;1;1809
l120;l5;1;1809
l91;l78;1;1809
l2;l12;1;1809
l143;l4;1;1809
l1;l68;2;1767
l1;l40;3;1767
l1;l41;1;1767
l1;l103;1;1767
l1;l5;1;1767
l1;l57;1;1767
l68;l41;1;1767
l68;l12;1;1767
l41;l2;1;1767
l41;l4;1;1767
l41;l12;1;1767
l2;l20;1;1767
l12;l30;3;1767
l12;l46;1;1767
l30;l29;1;1767
l30;l12;2;1767
l30;l30;1;1767
l30;l28;1;1767
l29;l30;1;1767
l5;l75;2;1767
l5;l108;2;1767
l5;l1;6;1767
l5;l14;1;1767
l5;l170;1;1767
l19;l5;7;1767
l19;l77;1;1767
l85;l41;1;1767
l4;l15;4;1767
l4;l20;1;1767
l4;l11;1;1767
l4;l421;1;1767
l4;l59;1;1767
l15;l14;4;1767
l14;l19;5;1767
l40;l123;1;1767
l40;l4;1;1767
l40;l14;1;1767
l123;l46;1;1767
l46;l30;1;1767
l11;l4;3;1767
l11;l5;1;1767
l20;l4;1;1767
l20;l5;1;1767
l57;l11;1;1767
l57;l41;1;1767
l103;l4;1;1767
l421;l4;1;1767
l59;l12;1;1767
l77;l324;1;1767
l324;l5;1;1767
l170;l1;1;1767
l37;l5;1;1767
l28;l5;1;1767
l20;l5;1;1768
l5;l51;1;1768
l5;l1;7;1768
l5;l14;1;1768
l5;l72;1;1768
l12;l33;1;1768
l12;l5;1;1768
l12;l15;1;1768
l12;l30;1;1768
l12;l46;2;1768
l33;l157;1;1768
l157;l12;1;1768
l18;l53;1;1768
l18;l4;1;1768
l18;l57;1;1768
l18;l40;1;1768
l53;l4;1;1768
l4;l15;4;1768
l4;l14;3;1768
l4;l28;1;1768
l15;l22;2;1768
l15;l14;3;1768
l22;l14;2;1768
l30;l46;2;1768
l30;l28;1;1768
l30;l44;1;1768
l46;l5;1;1768
l46;l12;1;1768
l46;l28;3;1768
l46;l30;1;1768
l41;l4;3;1768
l41;l12;3;1768
l14;l19;9;1768
l19;l5;6;1768
l19;l11;1;1768
l1;l14;1;1768
l1;l11;4;1768
l1;l41;2;1768
l1;l5;1;1768
l11;l5;2;1768
l11;l41;1;1768
l11;l4;3;1768
l28;l5;1;1768
l28;l20;2;1768
l28;l11;1;1768
l28;l46;1;1768
l57;l41;1;1768
l40;l41;1;1768
l72;l1;1;1768
l44;l12;1;1768
l8;l5;2;1799
l8;l9;5;1799
l8;l58;1;1799
l8;l20;1;1799
l18;l68;2;1799
l18;l4;9;1799
l18;l11;1;1799
l18;l58;2;1799
l18;l107;4;1799
l18;l5;1;1799
l18;l12;2;1799
l68;l30;1;1799
l68;l12;1;1799
l30;l12;2;1799
l12;l28;2;1799
l12;l11;1;1799
l12;l46;1;1799
l12;l4;1;1799
l12;l15;2;1799
l12;l5;1;1799
l12;l107;2;1799
l12;l44;1;1799
l4;l107;2;1799
l4;l8;3;1799
l4;l58;9;1799
l4;l11;2;1799
l4;l279;1;1799
l4;l20;1;1799
l4;l143;2;1799
l4;l59;2;1799
l4;l12;1;1799
l4;l5;2;1799
l107;l15;4;1799
l107;l14;4;1799
l107;l20;1;1799
l15;l126;1;1799
l15;l5;5;1799
l15;l11;1;1799
l15;l14;3;1799
l15;l480;1;1799
l15;l107;1;1799
l126;l65;1;1799
l65;l14;1;1799
l54;l15;2;1799
l5;l108;8;1799
l5;l1;8;1799
l5;l131;3;1799
l5;l124;1;1799
l5;l20;1;1799
l11;l5;10;1799
l11;l20;1;1799
l11;l41;1;1799
l11;l4;4;1799
l11;l12;1;1799
l20;l9;2;1799
l20;l37;1;1799
l20;l4;2;1799
l20;l5;2;1799
l46;l11;1;1799
l19;l15;8;1799
l19;l5;1;1799
l14;l19;3;1799
l9;l279;1;1799
l9;l4;8;1799
l9;l5;2;1799
l9;l11;2;1799
l9;l37;1;1799
l9;l1;1;1799
l279;l12;1;1799
l279;l30;1;1799
l58;l9;9;1799
l58;l8;2;1799
l58;l20;1;1799
l58;l59;1;1799
l41;l12;1;1799
l480;l8;1;1799
l124;l51;1;1799
l37;l5;1;1799
l143;l8;2;1799
l44;l32;1;1799
l32;l29;1;1799
l29;l4;1;1799
l21;l8;1;1799
l59;l5;1;1799
l59;l244;1;1799
l5;l21;1;1800
l5;l108;9;1800
l5;l127;1;1800
l5;l51;3;1800
l5;l1;26;1800
l5;l14;1;1800
l5;l131;3;1800
l5;l20;1;1800
l5;l141;1;1800
l21;l51;1;1800
l28;l98;2;1800
l28;l5;2;1800
l98;l28;2;1800
l14;l19;15;1800
l19;l5;10;1800
l4;l11;3;1800
l4;l5;6;1800
l4;l107;6;1800
l4;l58;1;1800
l4;l244;1;1800
l4;l12;1;1800
l11;l108;1;1800
l11;l5;5;1800
l11;l14;1;1800
l11;l8;1;1800
l11;l20;1;1800
l8;l20;5;1800
l8;l9;2;1800
l20;l5;3;1800
l20;l9;4;1800
l20;l58;1;1800
l20;l4;1;1800
l9;l4;2;1800
l9;l5;6;1800
l9;l11;1;1800
l55;l20;2;1800
l55;l68;4;1800
l55;l194;1;1800
l55;l5;1;1800
l55;nan;2;1800
l55;l84;1;1800
l55;l11;1;1800
l55;l4;1;1800
l15;l5;2;1800
l15;l14;7;1800
l15;l13;1;1800
l68;l11;1;1800
l68;l223;1;1800
l68;l14;2;1800
l18;l4;6;1800
l18;l41;3;1800
l18;l20;2;1800
l18;l57;2;1800
l18;l8;2;1800
l18;l5;1;1800
l107;l15;4;1800
l107;l14;1;1800
l107;l58;1;1800
l2;l5;2;1800
l41;l12;3;1800
l12;l15;2;1800
l12;l14;1;1800
l13;l14;1;1800
l194;l8;1;1800
l223;l14;1;1800
l526;l5;1;1800
l131;l1;6;1800
l141;l8;1;1800
l141;l4;1;1800
l1;l4;1;1800
l85;l11;1;1800
l57;l4;2;1800
l58;l20;1;1800
l58;l9;1;1800
l58;l78;1;1800
l84;l20;1;1800
l244;l5;3;1800
l117;l8;1;1800
l59;l244;1;1800
l37;l5;1;1800
l78;l143;1;1800
l143;l4;1;1800
l1;l11;1;1741
l1;l14;1;1741
l1;l515;1;1741
l11;l4;1;1741
l4;l11;3;1741
l4;l8;2;1741
l46;l29;1;1741
l46;l30;1;1741
l29;l30;1;1741
l29;l76;1;1741
l30;l15;1;1741
l30;l12;1;1741
l30;l29;1;1741
l30;l44;1;1741
l30;l76;1;1741
l15;l14;1;1741
l14;l19;2;1741
l14;l210;1;1741
l19;l11;2;1741
l12;l30;2;1741
l76;l4;2;1741
l8;l20;1;1741
l8;l4;1;1741
l20;l30;1;1741
l44;l12;1;1741
l210;l11;1;1741
l28;l12;1;1741
l41;l157;1;1741
l157;l4;1;1741
l85;l11;1;1741
l18;l4;1;1741
l18;l22;1;1741
l5;l586;1;1741
l586;l220;1;1741
l22;l14;1;1741
l11;l74;1;1742
l11;l51;1;1742
l11;l5;4;1742
l11;l1;1;1742
l11;l1207;1;1742
l11;l103;1;1742
l1;l22;1;1742
l1;l14;1;1742
l22;l14;1;1742
l14;l19;3;1742
l19;l11;2;1742
l18;l41;1;1742
l18;l4;2;1742
l41;l12;1;1742
l12;l4;1;1742
l12;l30;1;1742
l4;l11;1;1742
l4;l35;1;1742
l4;l76;1;1742
l4;l78;1;1742
l5;l1;4;1742
l5;l97;1;1742
l5;l18;1;1742
l35;l37;1;1742
l37;l103;1;1742
l30;l46;1;1742
l46;l28;1;1742
l28;l5;1;1742
l15;l14;1;1742
l1207;l1;1;1742
l515;l11;1;1742
l103;l5;1;1742
l76;l11;1;1742
l78;l8;1;1742
l8;l4;1;1742
l74;l75;1;1743
l11;l5;3;1743
l11;l836;1;1743
l5;l75;1;1743
l5;l1;3;1743
l5;nan;1;1743
l5;l325;1;1743
l19;l5;1;1743
l103;l5;1;1743
l18;l14;1;1743
l18;l11;2;1743
l18;l40;1;1743
l14;l19;1;1743
l1;nan;1;1743
l1;l41;1;1743
l41;l33;1;1743
l41;l12;1;1743
l33;l12;2;1743
l12;l30;2;1743
l12;l33;1;1743
l4;l5;1;1743
l40;l41;1;1743
l30;l28;1;1743
l28;l11;1;1743
l1;l57;1;1745
l1;l4;1;1745
l1;nan;1;1745
l57;l11;2;1745
l11;l4;2;1745
l11;l253;2;1745
l11;l5;1;1745
l4;l76;2;1745
l4;l37;1;1745
l4;l11;2;1745
l37;l22;1;1745
l37;l76;1;1745
l37;l333;1;1745
l22;l37;1;1745
l76;l4;1;1745
l85;l12;1;1745
l85;l57;1;1745
l12;l33;1;1745
l12;l32;1;1745
l12;l44;1;1745
l33;l12;1;1745
l28;l46;1;1745
l28;l11;1;1745
l46;l80;1;1745
l46;l28;1;1745
l80;l12;1;1745
l44;l30;1;1745
l30;l46;1;1745
l339;l37;1;1745
l14;l19;1;1745
l19;l22;1;1745
l19;l5;1;1745
l5;l253;2;1745
l5;l525;1;1745
l253;l1;2;1745
nan;nan;1;1745
l525;l1;1;1745
l76;l5;2;1746
l5;l1;3;1746
l5;l108;1;1746
l5;l22;1;1746
l253;l51;1;1746
l253;l1;2;1746
l32;l30;1;1746
l30;l29;1;1746
l29;l157;1;1746
l157;l12;1;1746
l12;l11;1;1746
l11;nan;1;1746
l11;l253;1;1746
l22;l5;1;1746
nan;nan;1;1746
l85;l11;2;1746
l85;l5;1;1746
l85;l15;1;1746
l292;l11;1;1746
l1;l85;1;1746
l18;l15;1;1746
l15;l14;2;1746
l14;l19;2;1746
l2;l5;1;1746
l1;l57;3;1747
l1;l103;1;1747
l1;l4;1;1747
l1;l18;1;1747
l57;l40;5;1747
l103;nan;1;1747
l4;l2;1;1747
l2;l5;1;1747
l141;l57;1;1747
l798;l129;1;1747
l18;l5;1;1747
l18;l22;3;1747
l18;l57;1;1747
l5;l22;1;1747
l5;l253;1;1747
l5;l1;1;1747
l5;l94;2;1747
l22;l37;1;1747
l22;l14;4;1747
l37;l5;1;1747
l37;l14;1;1747
l11;l5;2;1747
l11;l37;1;1747
l11;l157;1;1747
l253;l1;1;1747
l14;l19;4;1747
l14;l54;2;1747
l19;l5;3;1747
l54;l5;1;1747
l157;l33;1;1747
l33;l397;1;1747
l94;l1;2;1747
l40;l11;5;1748
l11;l77;2;1748
l11;l46;1;1748
l11;l103;2;1748
l11;l76;2;1748
l77;l76;2;1748
l76;l37;1;1748
l76;l15;2;1748
l76;l235;3;1748
l76;l277;1;1748
l37;l22;2;1748
l22;l14;2;1748
l1;l11;1;1748
l1;l76;2;1748
l1;l5;1;1748
l15;l14;3;1748
l14;l19;4;1748
l5;l22;1;1748
l5;l144;1;1748
l5;l1;1;1748
l5;l586;3;1748
l5;l129;1;1748
l5;l170;1;1748
l103;l12;2;1748
l12;l33;1;1748
l12;l32;1;1748
l12;l11;1;1748
l12;l30;1;1748
l33;l12;1;1748
l235;l37;1;1748
l235;l15;1;1748
l235;l14;1;1748
l18;l157;1;1748
l18;l11;1;1748
l18;l76;1;1748
l18;l41;1;1748
l157;l12;1;1748
l277;l5;1;1748
l129;l1;3;1748
l144;l75;1;1748
l19;l11;2;1748
l19;l5;3;1748
l397;l129;1;1748
l54;l5;1;1748
l586;l75;2;1748
l170;l1;1;1748
l30;l29;1;1748
l30;l12;1;1748
l29;l30;1;1748
l41;l76;1;1748
l14;l5;1;1749
l14;l19;4;1749
l1;l235;1;1749
l1;l41;1;1749
l1;l345;1;1749
l1;l76;2;1749
l1;l57;1;1749
l235;l15;2;1749
l15;l76;1;1749
l15;l14;2;1749
l41;l12;1;1749
l12;l33;1;1749
l12;l32;1;1749
l12;l30;2;1749
l12;l11;1;1749
l33;l80;1;1749
l80;l12;1;1749
l5;l1;9;1749
l5;l108;1;1749
l5;l37;1;1749
l11;l5;7;1749
l46;l30;1;1749
l46;l29;1;1749
l30;l12;1;1749
l30;l235;1;1749
l30;l28;2;1749
l30;l46;1;1749
l30;l157;1;1749
l19;l5;2;1749
l19;l11;2;1749
l76;l4;2;1749
l76;l28;1;1749
l76;l14;1;1749
l76;l15;1;1749
l4;l78;1;1749
l4;l76;1;1749
l78;l8;1;1749
l78;l173;1;1749
l8;l28;1;1749
l28;l30;1;1749
l28;l46;1;1749
l28;l5;1;1749
l22;l37;1;1749
l22;l5;1;1749
l37;l76;1;1749
l37;l83;1;1749
l37;l22;1;1749
l29;l30;1;1749
l32;l30;1;1749
l157;l12;1;1749
l333;l22;1;1749
l85;l5;1;1749
l83;l339;1;1749
l339;l37;1;1749
l345;l76;1;1749
nan;nan;1;1749
l57;l78;1;1749
l5;l51;2;1750
l5;l108;1;1750
l5;l1;10;1750
l5;l22;1;1750
l76;l15;1;1750
l76;l14;1;1750
l76;l4;2;1750
l15;l14;2;1750
l14;l5;1;1750
l14;l19;3;1750
l32;l30;1;1750
l30;l204;1;1750
l204;l157;1;1750
l157;l12;1;1750
l12;l11;1;1750
l1;l11;3;1750
l1;l76;3;1750
l1;l5;1;1750
l1;l57;1;1750
l28;l5;1;1750
l28;l11;1;1750
l46;l28;1;1750
l11;l5;2;1750
l11;l76;1;1750
l22;l103;1;1750
l22;l37;1;1750
l103;l5;1;1750
l19;l5;3;1750
l4;l15;1;1750
l4;l14;1;1750
l78;l5;1;1750
l37;l333;1;1750
l173;l5;1;1750
l1;l80;1;1758
l1;l18;1;1758
l1;l59;1;1758
l80;l12;1;1758
l18;l5;2;1758
l18;l14;1;1758
l18;l57;3;1758
l5;l22;2;1758
l5;l170;2;1758
l5;l131;2;1758
l5;l94;1;1758
l22;l37;1;1758
l22;l14;1;1758
l37;l83;1;1758
l37;l5;1;1758
l170;l1;1;1758
l170;l85;1;1758
l16;l126;1;1758
l126;l5;1;1758
l131;l1;2;1758
l14;l19;3;1758
l19;l126;1;1758
l19;l5;1;1758
l12;l5;1;1758
l12;l28;2;1758
l12;l4;2;1758
l94;l1;1;1758
l85;l1;1;1758
l57;l40;3;1758
l40;l103;3;1758
l103;l44;3;1758
l44;l12;3;1758
l28;l4;2;1758
l4;l15;1;1758
l15;l14;1;1758
l59;l12;1;1758
l12;l5;2;1759
l12;l33;1;1759
l12;l46;1;1759
l12;l44;1;1759
l5;l51;1;1759
l5;l37;1;1759
l5;l170;2;1759
l1;l22;1;1759
l1;l11;1;1759
l1;l5;1;1759
l1;nan;1;1759
l22;l14;3;1759
l11;l12;1;1759
l33;l12;1;1759
l37;l5;2;1759
l18;l22;1;1759
l18;l4;1;1759
l18;l123;1;1759
l18;l14;2;1759
l18;l57;1;1759
l18;l28;1;1759
l18;l95;1;1759
l14;l19;8;1759
l83;l37;1;1759
l170;l1;2;1759
l170;l131;1;1759
l4;l14;1;1759
l4;l91;1;1759
l4;l5;1;1759
l4;l15;3;1759
l4;l22;1;1759
l123;l12;1;1759
l44;l29;1;1759
l29;l12;1;1759
l126;l397;1;1759
l126;l1198;1;1759
l397;l170;1;1759
l397;l68;1;1759
l19;l126;1;1759
l19;l5;1;1759
l19;l397;1;1759
l1198;l131;1;1759
l131;l170;1;1759
l131;l1;1;1759
l57;l95;1;1759
l95;l4;1;1759
l95;l292;1;1759
l91;l4;1;1759
l15;l14;3;1759
l68;l5;1;1759
l292;l4;1;1759
l1;l1;2;1671
nan;l1;3;1671
nan;nan;1;1671
l12;l5;1;1671
l5;l72;1;1671
l72;l1;1;1671
l1;l11;3;1614
l19;l5;1;1614
l5;l108;1;1614
l11;l103;1;1614
l11;l87;1;1614
l103;l204;1;1614
l204;l33;1;1614
l11;l87;1;1615
l11;l61;1;1615
l87;l88;1;1615
l87;l1;1;1615
l87;nan;1;1615
l88;l87;1;1615
l1;l11;2;1615
l61;l204;1;1615
l204;l33;1;1615
l33;l87;1;1615
l87;l89;1;1616
l379;l11;3;1616
l11;l33;3;1616
l11;l1;1;1616
l33;l91;1;1616
l33;l11;2;1616
l33;l269;1;1616
l16;l5;1;1616
l5;l70;1;1616
l269;l33;1;1616
l1;l33;1;1616
l89;l87;1;1617
l87;l89;1;1617
l87;l166;1;1617
l87;l945;1;1617
l70;l11;1;1617
l11;l61;1;1617
l11;l85;1;1617
l11;l87;2;1617
l61;l33;1;1617
l91;l87;2;1617
l1;l33;1;1617
l33;l91;1;1617
l89;nan;1;1618
l33;l85;1;1618
l33;l84;1;1618
l33;l157;1;1618
l87;l1;1;1618
l87;l70;1;1618
l87;nan;1;1618
l166;l87;1;1618
l157;l269;1;1618
l269;l33;1;1618
l1;nan;1;1618
l1;l91;1;1619
l1;l11;1;1619
l11;l61;1;1619
l61;l33;1;1619
l33;l269;1;1619
l269;l33;1;1619
l84;nan;1;1619
l91;l85;1;1637
l91;l80;1;1637
l87;l1;1;1637
l1;l33;1;1637
l1;l87;1;1637
l80;l33;1;1637
l33;l1;1;1637
l1;l87;1;1658
l1;l134;1;1658
l87;l77;1;1658
l77;l1;1;1658
l134;l5;1;1658
l5;l4;1;1658
l1;l5;1;1661
l1;l129;1;1661
l5;l87;1;1661
l87;l1;1;1661
l33;l1;1;1661
nan;l1;1;1661
l129;l134;1;1661
l134;l4;1;1661
l1;l1;1;1663
l1;l134;1;1663
l1;nan;1;1663
l1;l33;1;1663
l134;l4;1;1663
l134;nan;1;1663
l4;l35;1;1663
l4;l87;1;1663
l4;l1;1;1663
l35;l4;1;1663
nan;l1;1;1663
l5;l4;1;1663
l87;l4;1;1663
l33;l1;1;1663
l1;l33;1;1665
l4;l1;1;1665
nan;nan;1;1665
l170;l1;1;1665
l33;l1;1;1666
l4;l5;9;1795
l4;l298;1;1795
l4;l8;1;1795
l4;l9;1;1795
l4;l58;2;1795
l4;l95;3;1795
l5;l94;5;1795
l5;l108;9;1795
l5;l11;1;1795
l5;l127;1;1795
l5;nan;1;1795
l5;l1;26;1795
l5;l641;2;1795
l5;l543;1;1795
l5;l18;1;1795
l94;l51;2;1795
l94;l1;3;1795
l8;l9;5;1795
l8;l58;4;1795
l8;l4;1;1795
l8;l5;2;1795
l1;l8;3;1795
l1;l20;1;1795
l1;l35;1;1795
l18;l5;1;1795
l18;l223;1;1795
l18;l11;1;1795
l18;l14;1;1795
l18;l323;2;1795
l18;l58;5;1795
l18;l4;2;1795
l18;l12;2;1795
l18;l68;1;1795
l11;l14;2;1795
l11;l12;1;1795
l11;l5;1;1795
l11;l58;1;1795
l223;l4;1;1795
l298;l4;1;1795
l14;l19;8;1795
l14;l5;1;1795
l19;l15;3;1795
l19;l16;1;1795
l19;l5;1;1795
l19;l22;2;1795
l15;l5;3;1795
l16;l22;1;1795
l22;l5;3;1795
l12;l29;1;1795
l12;l28;1;1795
l12;l5;2;1795
l29;l28;1;1795
l28;l14;1;1795
l28;l12;1;1795
l20;l9;1;1795
l9;l4;12;1795
l9;l5;4;1795
l9;l11;1;1795
l323;l526;1;1795
l323;l11;1;1795
l526;l11;1;1795
l30;l5;3;1795
l58;l9;8;1795
l58;l5;3;1795
l58;l8;1;1795
l641;l1;1;1795
l641;nan;1;1795
l35;l8;1;1795
l95;l5;3;1795
l170;l1;1;1795
l68;l117;1;1795
l117;l14;1;1795
l18;l11;14;1796
l18;l4;4;1796
l18;l102;1;1796
l18;l5;4;1796
l18;l492;2;1796
l18;l14;1;1796
l18;l119;1;1796
l18;l78;1;1796
l18;l8;1;1796
l18;l12;1;1796
l11;l4;9;1796
l11;l5;12;1796
l11;l20;2;1796
l11;l8;3;1796
l11;l124;1;1796
l11;l58;1;1796
l11;l12;1;1796
l4;l59;2;1796
l4;l20;2;1796
l4;l8;1;1796
l4;l58;1;1796
l4;l95;2;1796
l4;l5;1;1796
l4;l11;1;1796
l59;l125;1;1796
l59;l12;1;1796
l59;l14;2;1796
l59;nan;1;1796
l9;l11;6;1796
l9;l4;1;1796
l9;l5;6;1796
l9;l103;1;1796
l9;l53;1;1796
l9;l277;1;1796
l5;l51;1;1796
l5;l108;5;1796
l5;l70;1;1796
l5;l21;4;1796
l5;l1;14;1796
l5;l129;1;1796
l5;l4;1;1796
l5;l125;3;1796
l5;l124;6;1796
l5;l775;1;1796
l1;l4;2;1796
l14;l19;5;1796
l14;l16;2;1796
l19;l16;2;1796
l19;l5;3;1796
l19;l107;1;1796
l16;l5;3;1796
l58;l5;2;1796
l58;l9;3;1796
l21;l85;2;1796
l21;l1;1;1796
l85;l108;2;1796
l20;l9;2;1796
l20;l12;1;1796
l8;l9;5;1796
l8;l11;1;1796
l8;l1;1;1796
l12;l29;1;1796
l12;l15;1;1796
l12;l107;1;1796
l12;l30;1;1796
l12;l59;1;1796
l29;l59;1;1796
l15;l14;2;1796
l102;l348;1;1796
l348;l349;1;1796
l348;l350;1;1796
l349;l348;1;1796
l350;l1;1;1796
l95;l59;1;1796
l95;l4;1;1796
l103;l11;1;1796
l124;l108;3;1796
l124;l1;4;1796
l492;l128;1;1796
l492;l223;1;1796
l492;l11;1;1796
l128;l11;1;1796
l107;l15;1;1796
l53;l11;1;1796
l70;l4;1;1796
l2;l5;1;1796
l2;l11;1;1796
l543;l108;1;1796
l1091;l492;1;1796
l223;l11;1;1796
l119;l11;1;1796
l277;l5;1;1796
l4;l95;7;1797
l4;l107;8;1797
l4;l59;3;1797
l4;l15;1;1797
l4;l8;4;1797
l4;l277;2;1797
l4;l46;1;1797
l4;l20;7;1797
l4;l11;4;1797
l4;l58;5;1797
l4;l292;1;1797
l95;l11;6;1797
l95;l277;1;1797
l95;l4;1;1797
l11;l5;26;1797
l11;l14;1;1797
l11;l4;6;1797
l11;l8;2;1797
l11;l94;1;1797
l5;l51;1;1797
l5;l70;4;1797
l5;l108;6;1797
l5;l1;9;1797
l5;l37;1;1797
l5;l11;1;1797
l125;l14;4;1797
l125;l16;1;1797
l14;l19;15;1797
l14;l54;1;1797
l14;l16;1;1797
l14;l11;1;1797
l19;l11;5;1797
l19;l390;1;1797
l19;l5;1;1797
l19;l16;1;1797
l21;l14;1;1797
l21;l4;2;1797
l21;l8;1;1797
l18;l11;9;1797
l18;l4;7;1797
l18;l14;3;1797
l18;l12;2;1797
l18;l5;1;1797
l18;nan;1;1797
l18;l57;1;1797
l224;l11;1;1797
l107;l107;1;1797
l107;l4;4;1797
l107;l11;3;1797
l107;l15;4;1797
l107;l58;2;1797
l107;l20;1;1797
l277;l4;3;1797
l277;l107;1;1797
l15;l125;2;1797
l15;l14;5;1797
l9;l59;2;1797
l9;l526;1;1797
l9;l11;4;1797
l9;l107;1;1797
l9;l4;3;1797
l9;l5;1;1797
l59;l95;2;1797
l59;l46;1;1797
l59;l12;2;1797
l16;l107;1;1797
l16;l14;2;1797
l16;l11;1;1797
l20;l58;5;1797
l20;l28;1;1797
l20;l107;2;1797
l20;l4;1;1797
l20;l99;1;1797
l20;l8;1;1797
l20;l11;1;1797
l58;l4;1;1797
l58;l9;6;1797
l58;l8;3;1797
l58;l11;2;1797
l58;l20;3;1797
l129;l1;1;1797
l390;l14;1;1797
l8;l11;2;1797
l8;l9;5;1797
l8;l20;3;1797
l8;l58;2;1797
l8;l5;1;1797
l1;l21;1;1797
l12;l15;1;1797
l12;l5;1;1797
l12;l4;2;1797
l12;l11;2;1797
l12;l46;1;1797
l55;l4;2;1797
l55;l5;1;1797
l55;l11;1;1797
l46;l30;1;1797
l46;l44;1;1797
l46;l28;1;1797
l30;l4;1;1797
l30;l59;1;1797
l44;l12;1;1797
l37;l14;1;1797
l28;l12;1;1797
l28;l15;1;1797
l292;l277;1;1797
nan;l125;1;1797
l78;l8;1;1797
l94;l1;1;1797
l99;l4;1;1797
l57;l11;1;1797
l775;l1;1;1797
l18;l12;5;1801
l18;l68;6;1801
l18;l4;7;1801
l18;l5;4;1801
l18;l58;1;1801
l18;l11;3;1801
l18;l57;2;1801
l18;l59;1;1801
l18;l8;3;1801
l12;l30;3;1801
l12;l5;2;1801
l12;l33;1;1801
l12;l107;1;1801
l12;l14;2;1801
l12;l244;1;1801
l12;l203;1;1801
l12;l157;1;1801
l12;l11;1;1801
l30;l46;3;1801
l30;l28;1;1801
l46;l28;3;1801
l68;l107;6;1801
l107;l15;3;1801
l107;l14;6;1801
l107;l59;1;1801
l107;l125;1;1801
l15;l14;3;1801
l5;l1;27;1801
l5;l108;8;1801
l5;l51;1;1801
l5;l131;3;1801
l5;l70;2;1801
l5;l37;1;1801
l5;l85;1;1801
l5;l14;2;1801
l5;l72;1;1801
l5;l8;1;1801
l5;l21;1;1801
l16;l5;1;1801
l1;l5;1;1801
l1;l4;1;1801
l1;l58;1;1801
l1;l11;1;1801
l20;l103;1;1801
l20;l5;4;1801
l20;l4;1;1801
l20;l9;5;1801
l20;l11;2;1801
l20;l37;1;1801
l103;l5;1;1801
l103;l59;1;1801
l4;l8;2;1801
l4;l58;3;1801
l4;l78;2;1801
l4;l59;2;1801
l4;l107;2;1801
l4;l5;1;1801
l4;l244;1;1801
l4;l11;1;1801
l4;l1;1;1801
l8;l9;8;1801
l8;l20;6;1801
l8;l5;1;1801
l8;l58;3;1801
l8;l157;1;1801
l8;l4;1;1801
l9;l5;11;1801
l9;l4;1;1801
l9;l1;1;1801
l9;l858;1;1801
l9;l526;1;1801
l9;l28;1;1801
l9;l11;2;1801
l9;l95;1;1801
l9;l78;1;1801
l131;l108;1;1801
l131;l1;2;1801
l21;l11;1;1801
l21;l8;2;1801
l11;l8;2;1801
l11;l5;11;1801
l11;l14;1;1801
l11;l4;1;1801
l14;l19;10;1801
l14;l54;1;1801
l19;l5;14;1801
l19;l107;1;1801
l58;l9;4;1801
l58;l20;2;1801
l58;l11;1;1801
l58;l5;1;1801
l37;l107;1;1801
l37;l5;1;1801
l78;l11;2;1801
l59;l5;2;1801
l59;l12;2;1801
l59;l20;1;1801
l689;l18;1;1801
l33;l12;1;1801
l57;l4;1;1801
l57;l103;1;1801
l858;l5;1;1801
l85;l1;1;1801
l244;l11;1;1801
l244;l5;1;1801
l526;l5;1;1801
l28;l12;1;1801
l72;l1;1;1801
l173;l20;1;1801
l54;l5;1;1801
l95;l59;1;1801
l203;l157;1;1801
l157;l12;1;1801
l157;l467;1;1801
l157;l30;1;1801
l467;l157;1;1801
l141;l1;1;1801
l18;l57;11;1804
l18;l118;1;1804
l18;l68;5;1804
l18;l4;7;1804
l18;l2;1;1804
l18;nan;1;1804
l18;l12;2;1804
l18;l5;3;1804
l18;l20;1;1804
l57;l20;3;1804
l57;l46;2;1804
l57;l4;4;1804
l57;l8;1;1804
l57;l5;1;1804
l20;l9;3;1804
l20;l107;1;1804
l20;l4;2;1804
l118;l58;1;1804
l58;l9;11;1804
l58;l408;1;1804
l58;l5;2;1804
l19;l15;5;1804
l19;l107;4;1804
l15;l107;7;1804
l15;l14;2;1804
l15;l5;4;1804
l107;l5;11;1804
l107;l15;2;1804
l107;l4;1;1804
l5;l127;1;1804
l5;l108;8;1804
l5;l85;1;1804
l5;l58;2;1804
l5;l1;28;1804
l5;l20;1;1804
l5;l37;1;1804
l68;l14;5;1804
l4;l12;1;1804
l4;l58;6;1804
l4;l78;3;1804
l4;l5;8;1804
l4;l15;1;1804
l4;l59;2;1804
l4;l91;1;1804
l4;l14;1;1804
l4;l84;1;1804
l4;l95;1;1804
l12;l5;3;1804
l12;l4;2;1804
l12;l30;1;1804
l12;l107;1;1804
l9;l4;8;1804
l9;l5;6;1804
l9;l107;1;1804
l9;l37;1;1804
l9;l78;1;1804
l2;l4;1;1804
l8;l20;2;1804
l8;l9;3;1804
l8;l58;2;1804
l37;l5;2;1804
l37;l107;1;1804
l14;l19;4;1804
l85;l223;1;1804
l223;l12;1;1804
l30;l12;2;1804
l59;l30;1;1804
l59;l4;1;1804
l78;l8;1;1804
l78;l4;1;1804
l408;l9;1;1804
l91;l58;1;1804
l84;l107;1;1804
l95;l11;1;1804
l11;l5;1;1804
l9;l4;4;1805
l9;l37;2;1805
l9;l5;9;1805
l9;l107;1;1805
l9;l244;1;1805
l4;l99;2;1805
l4;l5;8;1805
l4;l58;8;1805
l4;l107;5;1805
l4;l9;1;1805
l4;l8;1;1805
l4;l137;1;1805
l4;l279;1;1805
l99;l4;2;1805
l5;l51;2;1805
l5;l108;6;1805
l5;nan;1;1805
l5;l58;2;1805
l5;l127;1;1805
l5;l1;17;1805
l5;l124;1;1805
l5;l11;1;1805
l5;l131;1;1805
l18;l40;2;1805
l18;l12;4;1805
l18;l5;2;1805
l18;l57;1;1805
l18;l4;9;1805
l40;l4;2;1805
l14;l19;11;1805
l14;nan;1;1805
l14;l15;1;1805
l19;l15;4;1805
l19;l5;1;1805
l19;l107;1;1805
l15;l5;4;1805
l15;l14;9;1805
l78;l91;2;1805
l91;l4;2;1805
l20;l5;1;1805
l12;l107;3;1805
l12;l4;1;1805
l12;l5;3;1805
l12;l15;1;1805
l107;l15;7;1805
l107;l5;4;1805
l107;l59;1;1805
l58;l9;12;1805
l37;l58;1;1805
l37;l5;1;1805
l57;l4;2;1805
l57;l11;1;1805
l57;l5;1;1805
l57;l323;1;1805
l85;l70;1;1805
l46;l12;2;1805
l59;l12;1;1805
l8;l58;1;1805
l8;l9;1;1805
l124;l1;1;1805
l137;l1;1;1805
l131;l57;4;1805
l323;l11;1;1805
l279;l44;1;1805
l44;l12;1;1805
l18;l5;4;1807
l18;l57;2;1807
l18;l12;3;1807
l18;l4;5;1807
l18;l107;5;1807
l18;l11;3;1807
l18;l58;2;1807
l18;l108;1;1807
l18;l68;1;1807
l5;l58;2;1807
l5;l108;7;1807
l5;l70;1;1807
l5;l37;1;1807
l5;l124;3;1807
l5;l1;28;1807
l5;l131;1;1807
l5;l4;1;1807
l58;l9;11;1807
l58;l408;2;1807
l58;l8;3;1807
l58;l4;1;1807
l14;l19;13;1807
l14;l107;1;1807
l19;l54;2;1807
l19;l11;2;1807
l19;l107;4;1807
l19;l5;1;1807
l54;l107;2;1807
l107;l11;4;1807
l107;l15;4;1807
l107;l5;6;1807
l107;l9;1;1807
l107;l20;1;1807
l107;l14;3;1807
l107;l58;1;1807
l107;l84;2;1807
l11;l5;17;1807
l11;l4;3;1807
l11;l59;1;1807
l11;l1;1;1807
l9;l5;5;1807
l9;l4;6;1807
l9;l244;5;1807
l9;l107;3;1807
l9;l37;2;1807
l9;l78;1;1807
l37;l107;1;1807
l37;l5;2;1807
l15;l14;4;1807
l57;l4;2;1807
l4;l59;3;1807
l4;l58;7;1807
l4;l408;1;1807
l4;l11;5;1807
l4;l8;1;1807
l4;l1;1;1807
l4;l12;2;1807
l4;l9;1;1807
l59;l5;2;1807
l59;l12;1;1807
l12;l11;3;1807
l12;l44;1;1807
l12;l59;1;1807
l12;l244;2;1807
l12;l30;1;1807
l124;l1;3;1807
l408;l9;3;1807
l44;l30;1;1807
l30;l29;1;1807
l30;l5;1;1807
l29;l98;1;1807
l98;l12;1;1807
l8;l58;2;1807
l8;l4;1;1807
l8;l9;1;1807
l244;l5;4;1807
l244;l11;1;1807
l78;l4;1;1807
l84;l11;2;1807
l131;l1;1;1807
l68;l65;1;1807
l65;l107;1;1807
nan;l143;1;1807
l9;l4;5;1808
l9;l408;1;1808
l9;l5;2;1808
l9;l244;1;1808
l9;l37;1;1808
l4;l5;1;1808
l4;l107;4;1808
l4;l8;4;1808
l4;l11;5;1808
l4;l58;2;1808
l4;l14;1;1808
l4;l59;1;1808
l4;l91;1;1808
l4;l30;1;1808
l4;l12;1;1808
l5;l6;1;1808
l5;l108;7;1808
l5;l1;15;1808
l5;l70;1;1808
l5;l11;3;1808
l18;l57;14;1808
l18;l4;3;1808
l18;nan;4;1808
l18;l11;4;1808
l18;l12;2;1808
l18;l5;2;1808
l57;l12;3;1808
l57;l59;1;1808
l57;l4;7;1808
l57;l11;1;1808
l57;l8;1;1808
l57;l68;1;1808
l14;l107;1;1808
l14;l19;10;1808
l107;l5;5;1808
l107;l15;6;1808
l107;l11;1;1808
l107;l14;1;1808
l15;l14;7;1808
l15;l5;1;1808
l15;l107;1;1808
l8;l58;1;1808
l8;l9;4;1808
l58;l4;1;1808
l58;l408;2;1808
l58;l9;1;1808
l11;l4;6;1808
l11;l95;1;1808
l11;l5;2;1808
l11;l37;1;1808
l244;l5;2;1808
l408;l9;2;1808
l59;l5;3;1808
l59;l44;1;1808
l59;l12;1;1808
l19;l107;4;1808
l19;l15;2;1808
l19;l5;1;1808
l44;l12;1;1808
l12;l4;1;1808
l12;l107;1;1808
l12;l15;1;1808
l12;l244;3;1808
l12;l59;1;1808
l12;l33;1;1808
l12;l11;2;1808
l12;l5;1;1808
l12;l703;1;1808
l20;l9;1;1808
l55;l12;1;1808
l55;l5;1;1808
l95;l8;1;1808
l91;l143;1;1808
l143;l4;1;1808
l30;l12;1;1808
l33;l12;1;1808
l68;l58;1;1808
l37;l107;1;1808
l37;l5;1;1808
l703;l295;1;1808
l295;l12;1;1808
l21;nan;1;1721
l4;l11;1;1721
l4;l1;1;1721
l11;l5;4;1721
l11;l157;2;1721
l11;l41;1;1721
l5;l75;2;1721
l5;l379;1;1721
l5;l51;1;1721
l5;l97;1;1721
l1;l22;1;1721
l1;l12;1;1721
l1;l57;1;1721
l1;l11;1;1721
l22;l14;2;1721
l14;l22;1;1721
l14;l1;1;1721
l157;l12;1;1721
l157;l44;1;1721
l12;l11;1;1721
l12;l33;1;1721
l12;l31;1;1721
l57;l40;1;1721
l40;l11;1;1721
l41;l12;1;1721
l33;l12;1;1721
nan;nan;3;1721
l18;l22;1;1721
l44;l46;1;1721
l46;l5;1;1721
nan;nan;1;1728
l1;l40;1;1728
l1;l11;1;1728
l40;l4;1;1728
l4;l8;1;1728
l8;l46;1;1728
l35;l5;1;1728
l5;l51;1;1728
l5;l1;3;1728
l22;l11;1;1728
l11;l5;2;1728
l11;l157;1;1728
l157;l12;1;1728
l12;l157;1;1728
l1;l18;1;1762
l18;l14;3;1762
l18;l57;2;1762
l18;l4;1;1762
l18;l41;1;1762
l18;l5;1;1762
l18;l447;1;1762
l14;l19;6;1762
l15;l5;4;1762
l5;l85;2;1762
l5;l1;6;1762
l5;l21;1;1762
l5;l14;1;1762
l85;l97;1;1762
l85;l108;1;1762
l85;l57;1;1762
l12;l33;1;1762
l12;l5;1;1762
l12;l295;2;1762
l12;l95;1;1762
l33;l157;1;1762
l157;l12;1;1762
l57;l4;2;1762
l57;l84;1;1762
l4;l63;1;1762
l4;l14;2;1762
l4;l91;1;1762
l63;l14;1;1762
l46;l12;1;1762
l91;l20;1;1762
l20;l5;1;1762
l20;l4;1;1762
l19;l5;2;1762
l19;l15;1;1762
l84;l20;1;1762
l21;l1;1;1762
l41;l12;1;1762
l295;l80;1;1762
l295;l12;1;1762
l80;l295;1;1762
l95;l4;1;1762
l447;nan;1;1762
l19;l63;4;1763
l19;l22;1;1763
l19;l5;3;1763
l19;l37;1;1763
l63;l15;2;1763
l63;l14;1;1763
l15;l5;2;1763
l5;l97;1;1763
l5;l14;2;1763
l5;l1;10;1763
l5;l55;1;1763
l1;l41;1;1763
l1;l68;1;1763
l1;l40;1;1763
l41;l4;2;1763
l41;l12;1;1763
l4;l20;1;1763
l4;l63;1;1763
l4;l926;1;1763
l4;l11;2;1763
l4;l421;1;1763
l18;l5;2;1763
l18;l37;1;1763
l18;l14;1;1763
l18;l103;1;1763
l18;l41;1;1763
l18;l11;1;1763
l18;l68;1;1763
l14;l19;6;1763
l37;l22;2;1763
l22;l14;2;1763
l22;l5;1;1763
l103;l4;1;1763
l926;l14;1;1763
l85;l41;1;1763
l11;l5;1;1763
l11;l4;1;1763
l12;l33;1;1763
l12;l46;1;1763
l12;l5;1;1763
l33;l12;1;1763
l68;l4;1;1763
l68;l46;1;1763
l421;l4;1;1763
l40;l37;1;1763
l295;l80;1;1763
l80;l12;1;1763
l46;l12;1;1763
l4;l91;2;1806
l4;l107;4;1806
l4;l58;8;1806
l4;l95;4;1806
l4;l59;2;1806
l4;l8;1;1806
l4;l11;1;1806
l91;l20;1;1806
l91;l58;1;1806
l20;l9;5;1806
l20;l4;1;1806
l9;l107;6;1806
l9;l4;6;1806
l9;l5;2;1806
l9;l8;1;1806
l9;l78;1;1806
l9;l244;1;1806
l107;l9;1;1806
l107;l14;13;1806
l107;l15;1;1806
l107;l20;5;1806
l107;l5;3;1806
l107;l58;2;1806
l107;l8;1;1806
l18;l119;1;1806
l18;l4;8;1806
l18;l11;7;1806
l18;l68;1;1806
l18;l12;3;1806
l18;l53;1;1806
l18;l57;2;1806
l18;l8;1;1806
l18;l5;4;1806
l18;l107;1;1806
l18;l40;1;1806
l119;l4;1;1806
l58;l9;10;1806
l58;l8;1;1806
l58;l408;2;1806
l15;l14;1;1806
l15;l107;2;1806
l15;l5;5;1806
l14;l19;8;1806
l14;l5;1;1806
l14;l15;1;1806
l19;l107;5;1806
l19;l15;5;1806
l19;l5;3;1806
l5;l1;20;1806
l5;l108;4;1806
l5;l58;2;1806
l5;l11;2;1806
l5;l131;1;1806
l5;l37;1;1806
nan;l5;1;1806
l8;l9;5;1806
l95;l11;4;1806
l11;l5;5;1806
l11;l107;8;1806
l11;l12;1;1806
l11;l4;4;1806
l11;l58;2;1806
l408;l9;2;1806
l12;l30;1;1806
l12;l107;3;1806
l12;l11;1;1806
l30;l28;1;1806
l28;l5;1;1806
l68;l11;1;1806
l53;l12;1;1806
l57;l11;2;1806
l59;l5;2;1806
l59;l12;1;1806
l131;l1;2;1806
l37;l107;1;1806
l1;l107;1;1806
l78;l401;1;1806
l401;l4;1;1806
l244;l5;2;1806
l85;l11;1;1806
l40;l5;1;1806
l5;l70;1;1810
l5;l108;6;1810
l5;l107;1;1810
l5;l97;1;1810
l5;l1;29;1810
l5;l21;1;1810
l18;l128;1;1810
l18;l107;2;1810
l18;l57;13;1810
l18;l11;3;1810
l18;l5;1;1810
l18;l119;1;1810
l18;l223;1;1810
l18;l4;2;1810
l18;l40;2;1810
l18;l789;1;1810
l128;l4;1;1810
l4;l107;3;1810
l4;l8;8;1810
l4;l5;6;1810
l4;l59;2;1810
l4;l244;6;1810
l4;l20;1;1810
l4;l58;1;1810
l4;l120;1;1810
l4;l11;1;1810
l107;l15;7;1810
l107;l14;2;1810
l15;l14;6;1810
l15;l63;1;1810
l14;l19;7;1810
l14;l16;1;1810
l19;l5;3;1810
l63;l14;2;1810
l57;l4;6;1810
l57;l12;3;1810
l57;l58;3;1810
l57;l59;1;1810
l8;l9;11;1810
l8;l20;1;1810
l9;l78;3;1810
l9;l4;5;1810
l9;l5;3;1810
l11;l12;2;1810
l11;nan;1;1810
l11;l5;3;1810
l12;l107;3;1810
l12;l77;1;1810
l12;l5;1;1810
l12;l29;2;1810
l401;l91;1;1810
l91;l4;1;1810
l59;l5;2;1810
l59;l58;1;1810
nan;l409;1;1810
l119;l4;1;1810
l244;l5;10;1810
l244;l8;2;1810
l58;l9;3;1810
l58;l8;3;1810
l223;l12;1;1810
l20;l77;1;1810
l77;l8;1;1810
l77;l58;1;1810
l29;l244;2;1810
l40;l4;2;1810
l120;l77;1;1810
l21;l1;1;1810
l789;l63;1;1810
l111;l1;1;1825
l1;l8;1;1825
l1;l14;3;1825
l1;l20;2;1825
l1;l12;2;1825
l1;l4;3;1825
l1;l58;1;1825
l1;l5;1;1825
l1;l11;2;1825
l1;l107;1;1825
l8;l20;1;1825
l8;l4;1;1825
l20;l4;2;1825
l20;l9;1;1825
l20;l8;1;1825
l78;l4;1;1825
l4;l5;2;1825
l4;l11;2;1825
l4;l466;1;1825
l4;l8;1;1825
l4;l58;2;1825
l4;l9;1;1825
l4;l107;1;1825
l5;l1;14;1825
l5;l108;2;1825
l5;l6;1;1825
l5;l70;1;1825
l5;l127;1;1825
l5;l145;2;1825
l5;l37;1;1825
l14;l19;14;1825
l14;l5;2;1825
l19;l5;14;1825
l11;l5;2;1825
l11;l12;2;1825
l18;l35;1;1825
l18;l12;1;1825
l18;nan;1;1825
l18;l9;1;1825
l35;l107;1;1825
l107;l15;3;1825
l107;l14;1;1825
l107;l13;1;1825
l15;l13;2;1825
l15;l14;2;1825
l13;l14;3;1825
l85;l1;1;1825
l85;l95;1;1825
l9;l4;1;1825
l9;l107;1;1825
l9;l5;5;1825
l9;l20;1;1825
l9;l14;1;1825
l51;l55;1;1825
l55;l8;1;1825
l55;l4;1;1825
l21;l4;1;1825
l466;l8;1;1825
l77;l5;1;1825
l890;l848;1;1825
l848;l14;1;1825
l12;l15;1;1825
l12;l14;2;1825
l12;l4;1;1825
l58;l37;1;1825
l58;l9;3;1825
l37;l5;1;1825
l37;l107;1;1825
l95;l4;1;1825
l4;l5;3;1826
l4;l8;1;1826
l4;l58;3;1826
l4;l107;1;1826
l5;l6;1;1826
l5;l108;2;1826
l5;l127;1;1826
l5;l1;13;1826
l5;l41;1;1826
l5;l107;1;1826
l5;l72;1;1826
l1;l14;6;1826
l1;l12;1;1826
l1;l4;5;1826
l1;l13;3;1826
l1;l5;2;1826
l1;l9;1;1826
l14;l5;2;1826
l14;l11;1;1826
l14;l19;11;1826
l18;l59;1;1826
l18;l20;1;1826
l59;l8;1;1826
l12;l13;1;1826
l12;l107;1;1826
l13;l14;7;1826
l19;l5;9;1826
l19;l11;1;1826
l8;l9;1;1826
l41;l12;1;1826
l107;l14;1;1826
l107;l15;1;1826
l107;l13;2;1826
l58;l9;3;1826
l9;l5;2;1826
l9;l107;1;1826
l15;l13;1;1826
l72;l1;1;1826
l20;l78;1;1826
l78;l4;1;1826
l1;l103;1;1642
l1;l87;1;1642
l1;l41;1;1642
l103;l41;1;1642
l41;l33;2;1642
l33;l44;1;1642
l33;l1;1;1642
l44;l46;1;1642
l46;l33;1;1642
l87;l1;1;1642
l33;l11;2;1643
l33;l44;1;1643
l11;l5;2;1643
l5;l1;3;1643
l1;l41;1;1643
l1;l87;2;1643
l41;l33;1;1643
l44;l33;1;1643
l87;l11;1;1643
l87;l1;1;1643
l1;l33;2;1648
l1;l87;1;1648
l33;l1;2;1648
l33;l44;1;1648
l44;l566;1;1648
l566;l33;1;1648
l33;l1;2;1649
l87;l1;1;1649
l1;l33;1;1650
l1;l4;1;1650
l33;l1;1;1650
nan;nan;2;1650
l4;l35;1;1650
l35;l91;1;1650
l91;l4;1;1650
l18;l5;3;1776
l18;l41;1;1776
l18;l113;1;1776
l18;l11;1;1776
l5;l37;2;1776
l5;l75;1;1776
l5;l11;2;1776
l5;l1;5;1776
l5;l131;1;1776
l37;l14;2;1776
l11;l5;3;1776
l11;l22;1;1776
l11;l4;2;1776
l22;l37;1;1776
l1;l41;3;1776
l1;l57;1;1776
l41;l4;4;1776
l41;l12;2;1776
l4;l15;4;1776
l4;l14;1;1776
l4;l277;1;1776
l15;l14;4;1776
l15;l16;1;1776
l14;l19;7;1776
l12;l1;1;1776
l12;l30;1;1776
l12;l33;2;1776
l12;l11;1;1776
l12;l28;1;1776
l85;l57;1;1776
l57;l41;2;1776
l277;l59;1;1776
l59;l30;1;1776
l30;l12;1;1776
l33;l12;2;1776
l33;l15;1;1776
l19;l11;1;1776
l19;l5;2;1776
l113;l1087;1;1776
l1087;l5;1;1776
l131;l1;1;1776
l16;l14;1;1776
l46;l33;1;1776
l14;l11;1;1778
l14;l19;6;1778
l11;l5;6;1778
l11;l4;1;1778
l11;l14;1;1778
l11;l28;1;1778
l5;l1;8;1778
l5;l11;1;1778
l5;l72;1;1778
l129;l1;1;1778
l4;l8;1;1778
l4;l5;1;1778
l4;l14;1;1778
l4;l20;1;1778
l4;l15;3;1778
l4;l37;1;1778
l8;l4;1;1778
l85;l41;3;1778
l85;l57;1;1778
l41;l4;4;1778
l57;l103;1;1778
l57;l11;1;1778
l103;l4;1;1778
l20;l4;1;1778
l15;l14;3;1778
l18;nan;1;1778
l18;l41;1;1778
l18;l57;1;1778
l19;l15;1;1778
l19;l11;3;1778
l19;l5;1;1778
l37;l14;1;1778
l72;l1;1;1778
l290;l30;1;1778
l290;l12;1;1778
l30;l46;1;1778
l30;l290;1;1778
l30;l5;1;1778
l46;l28;1;1778
l46;l30;1;1778
l28;l46;1;1778
l12;l30;1;1778
l18;l57;3;1779
l18;l11;3;1779
l57;l14;1;1779
l57;l11;1;1779
l57;l5;1;1779
l57;l1;1;1779
l11;l4;2;1779
l11;l28;1;1779
l11;l46;1;1779
l5;l1;5;1779
l5;l641;1;1779
l5;l20;1;1779
l5;l94;2;1779
l5;l541;1;1779
l19;l15;3;1779
l19;l585;1;1779
l19;l126;1;1779
l19;l5;1;1779
l15;l5;4;1779
l641;l1;1;1779
l20;l4;1;1779
l585;l5;1;1779
l4;l103;1;1779
l103;l5;1;1779
l126;l5;1;1779
l94;l1;2;1779
l28;l12;1;1779
l12;l57;1;1779
l14;l15;1;1780
l14;l19;5;1780
l15;l123;1;1780
l15;l14;1;1780
l123;l11;1;1780
l11;l5;1;1780
l11;l14;1;1780
l5;l124;2;1780
l18;l41;3;1780
l18;l11;1;1780
l18;l14;5;1780
l18;nan;1;1780
l18;l4;1;1780
l41;l4;3;1780
l4;l14;3;1780
l4;l277;1;1780
l4;l15;1;1780
l4;l12;1;1780
l4;l20;1;1780
l277;l46;1;1780
l46;l44;1;1780
l46;l30;2;1780
l46;l28;1;1780
l44;l33;1;1780
l44;l30;1;1780
l33;l12;1;1780
l12;l20;1;1780
l12;l5;1;1780
l12;l30;1;1780
l12;l44;1;1780
l20;l5;2;1780
l28;l12;1;1780
l28;l46;1;1780
l30;l290;1;1780
l30;l4;1;1780
l30;l46;1;1780
l30;l44;1;1780
l290;l12;1;1780
l1;l18;1;1780
l124;l108;1;1781
l124;l1;1;1781
l54;l5;1;1781
l5;l97;1;1781
l5;l1;9;1781
l5;l70;1;1781
l5;l85;3;1781
l5;l873;1;1781
l5;l78;1;1781
l85;nan;1;1781
l85;l523;1;1781
l19;l126;2;1781
l19;l37;4;1781
l19;l5;3;1781
l19;l16;1;1781
l126;l5;2;1781
l14;l19;7;1781
l37;l213;5;1781
l37;l5;5;1781
l213;l37;5;1781
l18;l40;3;1781
l18;l4;1;1781
l40;l4;1;1781
l40;l5;1;1781
l40;l11;1;1781
l4;l298;1;1781
l4;l14;1;1781
l298;l95;1;1781
l873;l14;1;1781
l523;l5;1;1781
l11;l41;1;1781
l41;l12;1;1781
l16;l37;1;1781
l44;l12;1;1781
l12;l5;1;1781
l55;l5;1;1791
l55;l12;1;1791
l55;l4;1;1791
l5;l4;1;1791
l5;l108;6;1791
l5;l1;16;1791
l4;l107;3;1791
l4;l14;2;1791
l4;l15;1;1791
l4;l58;5;1791
l4;l20;1;1791
l4;l5;1;1791
l4;l11;1;1791
l107;l14;3;1791
l14;l19;10;1791
l14;l916;1;1791
l19;l5;12;1791
l19;l22;1;1791
l19;l16;1;1791
l19;l11;3;1791
l11;l5;14;1791
l1;l4;2;1791
l1;l198;1;1791
l1;l53;1;1791
l1;l5;1;1791
l1;l40;1;1791
l1;l12;1;1791
l1;l37;1;1791
l12;l14;2;1791
l12;l33;1;1791
l18;l4;2;1791
l18;l41;1;1791
l15;l14;1;1791
l16;l5;1;1791
l198;l4;1;1791
l58;l9;3;1791
l58;l4;1;1791
l58;l20;1;1791
l41;l12;1;1791
l20;l4;2;1791
l53;l4;1;1791
l40;l4;1;1791
l9;l4;1;1791
l916;l5;1;1791
l37;l14;1;1791
l5;l108;4;1792
l5;l1;9;1792
l5;l4;1;1792
l1;l58;1;1792
l1;l68;1;1792
l1;l4;3;1792
l1;l40;1;1792
l1;l12;3;1792
l1;l14;2;1792
l1;l8;1;1792
l1;nan;1;1792
l58;l9;3;1792
l58;l11;1;1792
l68;l117;1;1792
l4;l58;2;1792
l4;l5;4;1792
l4;l107;4;1792
l22;l5;2;1792
l40;l41;1;1792
l41;l12;1;1792
l12;l14;4;1792
l12;l30;2;1792
l12;l5;1;1792
l12;l33;2;1792
l14;l19;11;1792
l30;l29;1;1792
l30;l12;1;1792
l30;l28;1;1792
l29;l28;1;1792
l29;l30;1;1792
l28;l29;1;1792
l28;l5;1;1792
l9;l4;2;1792
l9;l5;1;1792
l18;l4;1;1792
l18;l14;1;1792
l55;l11;3;1792
l11;l37;1;1792
l11;l12;1;1792
l11;l4;1;1792
l11;l117;1;1792
l37;l14;1;1792
l33;l12;2;1792
l19;l5;8;1792
l19;l22;1;1792
l107;l15;3;1792
l107;l14;1;1792
l15;l14;3;1792
l21;l11;1;1792
l21;l4;1;1792
l117;l14;1;1792
l85;l12;1;1792
l18;l14;9;1794
l18;l68;2;1794
l18;l12;5;1794
l18;l4;11;1794
l18;l8;1;1794
l18;l58;1;1794
l18;l916;1;1794
l14;l19;13;1794
l19;l5;18;1794
l5;l253;6;1794
l5;l108;5;1794
l5;l525;8;1794
l5;l1;10;1794
l5;l124;1;1794
l5;nan;1;1794
l253;l108;2;1794
l253;l1;4;1794
l12;l30;4;1794
l12;l14;3;1794
l12;l29;1;1794
l12;l279;1;1794
l30;l29;2;1794
l30;l12;1;1794
l29;l98;2;1794
l29;l28;2;1794
l98;l5;2;1794
l68;l4;1;1794
l68;l58;1;1794
l4;l107;3;1794
l4;l58;6;1794
l4;l5;7;1794
l4;l8;1;1794
l4;l11;1;1794
l107;l15;2;1794
l107;l14;1;1794
l15;l14;2;1794
l58;l9;10;1794
l9;l4;2;1794
l9;l5;7;1794
l70;l8;1;1794
l8;l20;1;1794
l8;l9;2;1794
l8;l4;1;1794
l525;l108;3;1794
l525;l1;5;1794
l28;l46;2;1794
l46;l30;1;1794
l46;l216;1;1794
l21;l57;1;1794
l57;l8;1;1794
l57;l58;1;1794
l57;l11;1;1794
l916;l14;1;1794
l85;l11;6;1794
l85;l57;2;1794
l85;l58;1;1794
l11;l8;3;1794
l11;l58;2;1794
l11;l12;1;1794
l11;l5;1;1794
l11;l14;1;1794
l279;l29;1;1794
l216;l12;1;1794
l124;l170;1;1794
nan;l1;1;1794
l5;l70;1;1793
l5;l108;4;1793
l5;l85;1;1793
l5;l1;15;1793
l5;l131;1;1793
l5;nan;1;1793
l5;l18;2;1793
l9;l5;4;1793
l9;l4;6;1793
l117;l107;1;1793
l107;l15;2;1793
l15;l14;4;1793
l15;l5;1;1793
l14;l19;13;1793
l14;l210;1;1793
l19;l5;9;1793
l19;l15;1;1793
l19;l22;1;1793
l18;l59;1;1793
l18;l58;3;1793
l18;l11;1;1793
l18;l12;2;1793
l18;l63;4;1793
l18;l4;8;1793
l18;l14;2;1793
l18;l22;2;1793
l18;l1;1;1793
l18;l5;1;1793
l18;l37;1;1793
l59;l30;1;1793
l30;l29;2;1793
l29;l12;1;1793
l29;l5;1;1793
l1;l57;1;1793
l1;l12;1;1793
l1;l4;1;1793
l57;l12;1;1793
l12;l15;2;1793
l12;l33;1;1793
l12;l30;2;1793
l12;l14;2;1793
l12;l28;1;1793
l58;l9;13;1793
l58;l4;1;1793
l85;l108;1;1793
l11;l58;1;1793
l11;l5;3;1793
l33;l12;2;1793
l63;l14;4;1793
l55;l12;1;1793
l55;l4;1;1793
l4;l58;10;1793
l4;l37;1;1793
l4;l5;2;1793
l4;l12;1;1793
l4;l277;1;1793
l4;l20;1;1793
l4;l107;1;1793
l22;l5;1;1793
l22;l14;2;1793
l37;l5;2;1793
l37;l333;1;1793
l37;l11;1;1793
l333;l37;1;1793
l131;l18;1;1793
l210;l5;1;1793
l8;l4;1;1793
l28;l4;1;1793
l277;l4;1;1793
l20;l4;1;1793
l5;l127;1;1811
l5;l108;5;1811
l5;l70;2;1811
l5;l1;13;1811
l5;l21;2;1811
l5;l51;1;1811
l5;l58;2;1811
l5;l18;1;1811
l5;l37;1;1811
l16;l5;3;1811
l78;l4;4;1811
l78;l91;1;1811
l4;l5;7;1811
l4;l58;9;1811
l4;l8;6;1811
l4;l107;3;1811
l4;l77;1;1811
l55;l4;7;1811
l55;l57;7;1811
l55;l12;1;1811
l55;l5;1;1811
l58;l9;14;1811
l58;l8;2;1811
l9;l78;4;1811
l9;l5;10;1811
l9;l4;3;1811
l9;l15;3;1811
l9;l91;2;1811
l9;l37;1;1811
l9;l59;1;1811
l18;l57;8;1811
l18;l4;6;1811
l18;l11;3;1811
l18;l68;1;1811
l18;l8;1;1811
l18;l5;2;1811
l18;l12;1;1811
l57;l11;1;1811
l57;l4;3;1811
l57;l12;3;1811
l57;l58;1;1811
l57;l59;1;1811
l57;l8;4;1811
l57;l68;1;1811
l57;l20;1;1811
l11;l58;1;1811
l11;l5;2;1811
l11;l107;3;1811
l210;l16;1;1811
l77;l12;1;1811
l77;l5;1;1811
l12;l11;1;1811
l12;l5;2;1811
l12;l22;1;1811
l12;l4;2;1811
l409;l5;1;1811
l107;l15;7;1811
l107;l8;2;1811
l15;l14;7;1811
l15;l22;4;1811
l15;l107;2;1811
l14;l19;6;1811
l19;l5;8;1811
l19;l16;1;1811
l21;l70;1;1811
l8;l9;15;1811
l8;l15;1;1811
l8;l20;1;1811
l8;l58;1;1811
l22;l14;1;1811
l22;l8;1;1811
l22;l15;2;1811
l22;l58;1;1811
l59;l58;1;1811
l59;l5;1;1811
l1;l68;1;1811
l68;l117;1;1811
l68;l848;1;1811
l20;l11;1;1811
l91;l4;1;1811
l37;l107;1;1811
l21;l129;3;1798
l129;l11;3;1798
l11;l4;4;1798
l11;l5;19;1798
l11;l117;1;1798
l11;l8;1;1798
l11;l1;1;1798
l11;l46;1;1798
l11;l58;1;1798
l11;l12;1;1798
l54;l15;1;1798
l15;l11;1;1798
l15;l14;1;1798
l5;l131;10;1798
l5;l108;7;1798
l5;l1;19;1798
l5;l58;2;1798
l5;l70;2;1798
l5;l8;1;1798
l131;l108;3;1798
l131;l1;7;1798
l131;l68;1;1798
l14;l54;1;1798
l14;l19;11;1798
l19;l16;2;1798
l19;l5;10;1798
l19;l11;1;1798
l16;l5;1;1798
l16;l53;1;1798
l59;l8;2;1798
l59;l11;1;1798
l59;l20;1;1798
l8;l20;4;1798
l8;l58;1;1798
l8;l9;4;1798
l20;l11;4;1798
l20;l9;6;1798
l20;l4;1;1798
l117;l14;1;1798
l125;l11;1;1798
l18;l12;3;1798
l18;l68;5;1798
l18;l5;3;1798
l18;l11;7;1798
l18;l4;1;1798
l12;l14;2;1798
l12;l15;1;1798
l12;l279;2;1798
l12;l5;2;1798
l12;l4;1;1798
l68;l14;3;1798
l68;l37;1;1798
l68;l12;1;1798
l68;l117;1;1798
l53;l11;1;1798
l58;l9;5;1798
l58;l8;1;1798
l58;l20;1;1798
l9;l4;4;1798
l9;l8;1;1798
l9;l11;6;1798
l9;l59;2;1798
l4;l11;7;1798
l4;l20;2;1798
l4;l58;3;1798
l95;l59;1;1798
l1;l11;1;1798
l1;l131;1;1798
l37;l58;1;1798
l279;l12;2;1798
l46;l12;1;1798
l18;l118;1;1812
l18;l4;7;1812
l18;l57;7;1812
l18;l5;3;1812
l18;l12;6;1812
l18;l107;2;1812
l18;l1;1;1812
l18;l22;1;1812
l118;l22;1;1812
l22;l14;4;1812
l22;l11;1;1812
l14;l19;16;1812
l14;l5;1;1812
l14;l789;1;1812
l19;l5;13;1812
l19;l15;1;1812
l58;l9;5;1812
l58;l8;1;1812
l9;l4;3;1812
l9;l5;15;1812
l9;l8;2;1812
l9;l78;2;1812
l9;l11;3;1812
l9;l37;1;1812
l9;l77;2;1812
l9;l59;1;1812
l9;l15;1;1812
l9;l107;1;1812
l4;l5;6;1812
l4;l58;2;1812
l4;l8;5;1812
l4;l107;3;1812
l4;l11;2;1812
l4;l35;1;1812
l5;l70;3;1812
l5;l1;31;1812
l5;l108;7;1812
l5;l37;1;1812
l5;l9;1;1812
l5;l21;2;1812
l5;l127;1;1812
l5;l8;2;1812
l5;l18;1;1812
l5;l11;1;1812
l8;l9;12;1812
l8;l77;1;1812
l8;l58;2;1812
l8;l78;1;1812
l8;nan;1;1812
l8;l4;1;1812
l21;l57;4;1812
l21;l1;2;1812
l57;l20;1;1812
l57;l8;1;1812
l57;l22;3;1812
l57;l4;2;1812
l57;l44;1;1812
l57;l11;1;1812
l57;l59;2;1812
l20;l9;2;1812
l20;l5;1;1812
l55;l12;2;1812
l55;l9;1;1812
l55;l41;1;1812
l55;l5;2;1812
l12;l107;3;1812
l12;l4;2;1812
l12;l244;1;1812
l107;l15;9;1812
l107;l14;2;1812
l107;l84;1;1812
l15;l14;8;1812
l15;l11;1;1812
l15;l58;1;1812
l15;l107;1;1812
l37;l107;2;1812
l37;l5;2;1812
l77;l5;3;1812
l77;l11;1;1812
l78;l401;2;1812
l78;l4;1;1812
l78;l91;1;1812
l401;l4;2;1812
l11;l5;4;1812
l11;l59;1;1812
l11;l37;1;1812
l91;l4;3;1812
l117;l14;1;1812
l117;l15;1;1812
l789;l11;1;1812
l848;l8;1;1812
l35;l8;1;1812
l44;l12;1;1812
l54;l5;1;1812
l68;l117;1;1812
l30;l5;1;1812
l41;l12;1;1812
l59;l5;1;1812
l59;l9;2;1812
l2;l77;1;1812
l84;l58;1;1812
l5;l108;12;1813
l5;l70;1;1813
l5;nan;2;1813
l5;l1;23;1813
l5;l8;2;1813
l18;l57;10;1813
l18;l128;4;1813
l18;l12;1;1813
l18;l4;1;1813
l18;l11;3;1813
l18;l223;1;1813
l18;l5;1;1813
l18;l55;1;1813
l57;l11;1;1813
l57;l12;2;1813
l57;l22;2;1813
l57;l95;1;1813
l57;l4;3;1813
l57;l58;1;1813
l57;l40;1;1813
l57;l59;1;1813
l11;l4;3;1813
l11;l1;1;1813
l11;l14;3;1813
l11;l5;5;1813
l11;l107;1;1813
l4;l58;3;1813
l4;l59;1;1813
l4;l244;1;1813
l4;l8;2;1813
l4;l78;1;1813
l4;l5;2;1813
l4;l91;1;1813
l4;l408;1;1813
l4;l9;1;1813
l4;l11;1;1813
l4;l107;1;1813
l58;l9;3;1813
l58;l8;3;1813
l58;l244;1;1813
l9;l244;3;1813
l9;l77;1;1813
l9;l12;1;1813
l9;l4;6;1813
l9;l15;1;1813
l9;l526;1;1813
l9;l1;1;1813
l9;l8;3;1813
l9;l11;1;1813
l9;l37;1;1813
l9;l5;1;1813
l244;l11;2;1813
l244;l5;5;1813
l8;l9;11;1813
l8;l20;1;1813
l8;l5;1;1813
l77;l11;1;1813
l59;l5;1;1813
l59;l8;1;1813
l59;l9;1;1813
l12;l11;1;1813
l12;l107;4;1813
l12;l244;2;1813
l107;l14;1;1813
l107;l15;5;1813
l107;l9;1;1813
l14;l54;1;1813
l14;l19;11;1813
l78;l91;1;1813
l78;l58;1;1813
l91;l4;1;1813
l91;l58;1;1813
l19;l5;7;1813
l19;l16;1;1813
l128;l11;3;1813
l128;l41;3;1813
l128;l5;1;1813
l15;l14;6;1813
l15;l22;1;1813
l15;l107;1;1813
l2;l244;1;1813
l55;l128;3;1813
l55;l57;2;1813
l55;l5;1;1813
l41;l4;3;1813
l22;l916;2;1813
l22;l740;1;1813
l916;l5;2;1813
l95;l9;1;1813
l408;l9;1;1813
l223;l4;1;1813
l740;l15;1;1813
l40;l9;1;1813
nan;l1;1;1813
l1;l14;4;1815
l1;l57;7;1815
l1;l5;1;1815
l1;l11;3;1815
l1;l58;1;1815
l1;l4;5;1815
l1;l8;1;1815
l1;l12;1;1815
l57;l8;1;1815
l57;l77;1;1815
l57;l5;2;1815
l57;l4;5;1815
l57;l58;1;1815
l8;l9;5;1815
l9;l12;1;1815
l9;l4;9;1815
l9;l37;1;1815
l9;l95;1;1815
l18;l4;2;1815
l18;l57;2;1815
l18;l14;3;1815
l4;l107;5;1815
l4;l8;4;1815
l4;l59;5;1815
l4;l37;3;1815
l4;l91;1;1815
l4;l11;1;1815
l4;l58;3;1815
l4;l12;1;1815
l4;l409;1;1815
l4;l84;1;1815
l107;l15;10;1815
l107;l14;2;1815
l15;l14;10;1815
l14;l19;19;1815
l14;l11;1;1815
l19;l5;20;1815
l19;l16;1;1815
l19;l22;1;1815
l5;l108;6;1815
l5;l107;3;1815
l5;l1;16;1815
l5;l72;1;1815
l11;l12;4;1815
l11;l5;11;1815
l12;l107;4;1815
l12;l30;1;1815
l12;l14;1;1815
l2;l11;1;1815
l77;l12;1;1815
l21;l57;1;1815
l30;l11;1;1815
l30;l244;1;1815
l58;l9;6;1815
l59;l11;2;1815
l59;l5;1;1815
l16;l11;1;1815
l37;l5;1;1815
l244;l11;3;1815
l91;l58;1;1815
l72;l1;1;1815
l409;l4;1;1815
l95;l4;1;1815
l84;l4;1;1815
l22;l11;1;1815
l14;l5;1;1816
l14;l19;17;1816
l5;l108;5;1816
l5;l106;1;1816
l5;l22;4;1816
l5;l37;1;1816
l5;l1;27;1816
l5;l97;1;1816
l5;l107;1;1816
l5;l72;1;1816
l1;l57;4;1816
l1;l12;4;1816
l1;l5;4;1816
l1;l14;5;1816
l1;nan;1;1816
l1;l4;1;1816
l1;l107;2;1816
l57;l12;1;1816
l57;l20;1;1816
l57;l4;1;1816
l57;l11;1;1816
l12;l46;1;1816
l12;l30;1;1816
l12;l107;2;1816
l12;l15;2;1816
l12;l4;1;1816
l46;l11;2;1816
l30;l11;1;1816
l30;l46;1;1816
l11;l5;8;1816
l11;l8;1;1816
l20;l8;1;1816
l8;l9;3;1816
l9;l4;2;1816
l9;l22;1;1816
l9;l5;1;1816
l9;l11;1;1816
l107;l15;5;1816
l107;l14;2;1816
l15;l14;7;1816
l19;l5;17;1816
l19;l11;1;1816
l85;l5;2;1816
l22;l14;3;1816
l22;l5;1;1816
l22;l955;1;1816
l22;l740;1;1816
l37;l14;1;1816
l37;l22;1;1816
l37;l5;3;1816
l21;l4;1;1816
l4;l107;2;1816
l4;l37;1;1816
l4;l5;2;1816
l4;l11;1;1816
l4;l244;1;1816
l955;l182;1;1816
l955;l5;1;1816
l182;l955;1;1816
l72;l1;1;1816
l59;l11;2;1816
l740;l14;1;1816
l244;l11;1;1816
l1;l128;1;1695
l1;l18;1;1695
l1;l253;1;1695
l128;l29;1;1695
nan;nan;1;1695
nan;l1;1;1695
l80;l12;1;1695
l12;l33;1;1695
l12;l77;1;1695
l33;l12;1;1695
l77;l11;1;1695
l11;l102;1;1695
l29;l12;1;1696
l12;l11;1;1696
l11;l5;1;1696
l11;l32;1;1696
l1;l135;1;1696
l18;l11;1;1696
l55;l1;1;1696
l102;l1;1;1696
l5;l72;1;1697
l72;l132;1;1697
l132;l1;1;1697
l135;l11;1;1697
l11;l37;1;1697
l11;l5;1;1697
l37;l11;1;1697
l32;l80;1;1697
l80;l12;2;1697
l80;l295;1;1697
l12;l295;1;1697
l12;l33;1;1697
l295;l80;2;1697
l33;l12;1;1697
nan;nan;2;1697
l1;l33;1;1660
l33;l133;1;1660
l33;l1;1;1660
l133;l1;1;1660
l134;l33;1;1660
l4;l87;1;1660
l87;l91;1;1660
l91;l166;1;1660
l166;l33;1;1660
l1;l134;2;1662
l134;l5;1;1662
nan;nan;1;1662
l4;l91;1;1662
l91;l4;1;1662
l33;l85;1;1662
l4;l1;1;1664
l4;l87;1;1664
nan;l1;3;1664
nan;l4;1;1664
nan;nan;1;1664
l87;l170;1;1664
nan;nan;6;1694
l1;l11;1;1694
l11;l80;1;1694
l5;l1;2;1698
l1;l132;1;1698
l1;l40;1;1698
l1;nan;1;1698
l132;l11;1;1698
l12;l11;1;1698
l11;l5;1;1698
nan;nan;4;1698
l40;l76;1;1698
l76;l4;2;1698
l4;l76;1;1698
l4;l11;1;1698
l11;l5;3;1817
l11;l141;1;1817
l11;l12;2;1817
l11;l18;1;1817
l5;l127;1;1817
l5;l108;6;1817
l5;l70;4;1817
l5;l1;12;1817
l5;l72;1;1817
l4;l5;1;1817
l4;l11;1;1817
l4;l107;1;1817
l1;l12;7;1817
l1;l57;1;1817
l1;l11;2;1817
l1;l107;2;1817
l1;l33;1;1817
l12;l107;5;1817
l12;l30;1;1817
l107;l15;4;1817
l107;l14;4;1817
l15;l14;4;1817
l14;l19;13;1817
l19;l5;15;1817
l19;l11;3;1817
l8;l58;1;1817
l8;l11;1;1817
l58;l4;1;1817
l18;l14;2;1817
l18;l4;1;1817
l57;l12;1;1817
l30;l5;1;1817
l9;l37;1;1817
l37;l5;1;1817
l72;l1;1;1817
l1;l14;1;1765
l1;l57;1;1765
l1;l123;1;1765
l1;l11;1;1765
l1;l68;1;1765
l1;l40;4;1765
l1;l5;1;1765
l14;l19;9;1765
l19;l5;9;1765
l5;l129;1;1765
l5;l1;6;1765
l5;l14;2;1765
l5;l170;1;1765
l5;l51;1;1765
l5;l85;1;1765
l129;l97;1;1765
l57;l41;1;1765
l41;l277;1;1765
l41;l4;4;1765
l277;l4;1;1765
l4;l28;3;1765
l4;l15;2;1765
l4;l59;1;1765
l28;l46;1;1765
l28;l30;1;1765
l28;l32;1;1765
l46;l30;1;1765
l30;l12;2;1765
l18;l11;2;1765
l18;l41;2;1765
l40;l14;1;1765
l40;l41;2;1765
l40;l68;2;1765
l123;l4;1;1765
l12;l30;1;1765
l68;l59;1;1765
l68;l41;1;1765
l68;l46;1;1765
l59;l30;1;1765
l59;l12;1;1765
l32;l12;1;1765
l15;l14;2;1765
l170;l1;1;1765
l37;l5;1;1765
l19;l5;7;1766
l19;l37;1;1766
l5;l97;1;1766
l5;l1;9;1766
l5;l21;1;1766
l5;l75;1;1766
l5;l14;1;1766
l12;l30;4;1766
l12;l28;1;1766
l12;l20;1;1766
l12;l33;1;1766
l12;l11;1;1766
l12;l5;1;1766
l30;l46;1;1766
l30;l12;2;1766
l30;l4;1;1766
l30;l5;1;1766
l30;l44;1;1766
l46;l28;1;1766
l46;l32;1;1766
l46;l30;1;1766
l28;l5;2;1766
l28;l46;1;1766
l85;l14;1;1766
l85;l1;1;1766
l14;l19;8;1766
l21;l1;1;1766
l1;l103;1;1766
l1;l41;1;1766
l1;l40;1;1766
l1;l11;1;1766
l1;l57;2;1766
l1;l61;1;1766
l103;l4;1;1766
l4;l14;3;1766
l4;l15;3;1766
l4;l28;1;1766
l11;l4;3;1766
l15;l14;3;1766
l41;l4;2;1766
l41;l59;1;1766
l41;l12;1;1766
l59;l4;1;1766
l40;l11;1;1766
l61;l41;1;1766
l32;l44;1;1766
l44;l12;2;1766
l33;l157;1;1766
l157;l12;1;1766
l57;l41;1;1766
nan;nan;3;1703
l14;l5;1;1703
l5;l72;2;1703
l5;l1;2;1703
l5;l170;1;1703
l72;l170;2;1703
l170;l1;2;1703
l170;l131;1;1703
l12;l30;1;1703
l30;l77;1;1703
l77;l11;1;1703
l11;l5;1;1703
l11;l22;1;1703
l1;l40;2;1703
l1;l11;1;1703
l1;nan;1;1703
l40;l11;1;1703
l40;l22;1;1703
l22;l390;1;1703
l22;l16;1;1703
l173;l5;1;1703
l131;l1;1;1703
l18;l11;1;1832
l18;l8;1;1832
l11;l9;1;1832
l11;l5;2;1832
l1;l4;5;1832
l1;l14;3;1832
l1;l9;1;1832
l1;l12;3;1832
l1;l8;1;1832
l1;l13;1;1832
l1;l5;1;1832
l4;l8;1;1832
l4;l107;1;1832
l4;l9;4;1832
l8;l9;1;1832
l8;l20;1;1832
l9;l5;2;1832
l9;l15;1;1832
l9;l107;3;1832
l9;l13;1;1832
l14;l19;12;1832
l19;l5;7;1832
l19;l11;2;1832
l15;l14;1;1832
l15;l13;3;1832
l12;l14;1;1832
l12;l13;1;1832
l12;l107;1;1832
l20;l11;2;1832
l5;l108;1;1832
l5;l1;9;1832
l5;l147;1;1832
l5;l107;1;1832
l107;l15;3;1832
l107;l14;2;1832
l107;l13;1;1832
l13;l14;7;1832
l58;l5;1;1832
l85;l4;1;1832
l9;l5;2;1833
l9;l107;4;1833
l9;l15;1;1833
l9;l14;1;1833
l5;nan;1;1833
l5;l1;12;1833
l5;l9;1;1833
l5;l70;2;1833
l5;l108;2;1833
l5;l12;1;1833
l1;l5;1;1833
l1;l8;2;1833
l1;l4;2;1833
l1;l12;1;1833
l1;l14;4;1833
l1;l1095;1;1833
l1;l107;2;1833
l107;l13;4;1833
l107;l15;1;1833
l107;l14;2;1833
l13;l14;4;1833
l14;l19;17;1833
l19;l5;13;1833
l19;l11;1;1833
l19;l147;1;1833
l357;l4;1;1833
l4;l9;5;1833
l4;l8;1;1833
l11;l5;2;1833
l11;l8;2;1833
l18;l78;1;1833
l18;l4;2;1833
l18;l11;2;1833
l18;l14;1;1833
l8;l9;3;1833
l8;l20;1;1833
l8;nan;1;1833
l85;l4;1;1833
l85;l5;1;1833
l15;l14;2;1833
l20;l14;1;1833
l12;l14;1;1833
l12;l107;1;1833
l1095;l14;1;1833
nan;nan;7;1675
nan;l1;1;1675
l63;l87;1;1675
l1;l1;1;1675
nan;l1;1;1677
nan;nan;2;1677
l1;nan;2;1677
l1;l4;1;1677
l4;l5;1;1677
l5;l72;1;1677
l72;l1;1;1677
nan;nan;4;1679
l1;l21;1;1679
l21;l11;1;1679
l11;l87;1;1679
l5;l72;1;1679
l72;l1;1;1679
nan;nan;7;1683
l1;l33;1;1683
l1;l11;1;1683
l1;l1;1;1683
l11;l84;1;1683
l84;l270;1;1683
l173;l35;1;1683
l35;l4;1;1683
l1;nan;1;1670
l1;l41;1;1670
l1;l40;1;1670
l41;l12;2;1670
l12;l33;2;1670
l33;l1;1;1670
l33;l44;1;1670
l33;l12;1;1670
nan;l1;2;1670
nan;nan;1;1670
l40;l41;1;1670
l44;l31;1;1670
l31;l33;1;1670
l1;l22;1;1751
l1;l11;1;1751
l1;l41;1;1751
l22;l14;1;1751
l14;l77;1;1751
l14;l19;4;1751
l5;l1;6;1751
l5;l70;1;1751
l5;nan;1;1751
l5;l18;1;1751
l11;l5;1;1751
l11;l76;3;1751
l76;l4;5;1751
l76;l5;1;1751
l76;l15;1;1751
l4;l14;2;1751
l4;l78;1;1751
l4;l76;1;1751
l4;l15;1;1751
l4;l19;1;1751
l19;l5;5;1751
l19;l11;1;1751
l19;l76;1;1751
l78;l8;1;1751
l8;l4;1;1751
l15;l14;2;1751
l333;l5;1;1751
l41;l76;1;1751
l57;l11;1;1751
l77;l5;1;1752
l5;l51;1;1752
l5;l75;1;1752
l5;l1;3;1752
l1;l11;5;1752
l1;l22;1;1752
l1;l40;1;1752
l1;l5;1;1752
l11;l4;2;1752
l11;l5;1;1752
l4;l14;1;1752
l4;l12;1;1752
l14;l19;1;1752
l19;l5;1;1752
l18;l40;1;1752
l40;l123;1;1752
l40;l244;1;1752
l123;l12;1;1752
l12;l32;1;1752
l12;l12;1;1752
l12;l46;1;1752
l46;l12;1;1752
l46;l29;1;1752
l244;l46;1;1752
l76;l5;1;1752
l1;l103;1;1646
l1;l566;1;1646
l1;l87;1;1646
l103;l33;1;1646
l566;l567;1;1646
l33;l11;1;1646
l11;l72;1;1646
l72;l1;1;1646
l33;l80;1;1647
l80;l4;1;1647
l4;l91;1;1647
l4;l33;1;1647
l91;l4;1;1647
l1;l41;1;1647
l1;l87;1;1647
l41;l33;1;1647
l87;l1;2;1647
l87;l166;1;1647
l166;l1;1;1647
nan;nan;3;1668
nan;l1;3;1668
l1;nan;1;1668
l4;l35;1;1668
nan;nan;4;1701
l11;l123;1;1701
l11;l5;2;1701
l11;l12;1;1701
l11;l22;1;1701
l123;l41;1;1701
l123;l11;1;1701
l41;l157;1;1701
l157;l204;1;1701
l204;l123;1;1701
l5;l51;1;1701
l5;l12;1;1701
l5;l253;1;1701
l1;l11;1;1701
l1;l22;1;1701
l1;l57;1;1701
l12;l33;1;1701
l12;l8;1;1701
l33;l80;1;1701
l33;l12;1;1701
l22;l390;1;1701
l22;l16;1;1701
l57;l40;1;1701
l40;l523;1;1701
l523;l5;1;1701
l8;l77;1;1701
l77;l11;1;1701
l253;l1;1;1701
l16;l14;1;1701
l14;l16;1;1701
l70;l21;1;1701
l21;l11;1;1701
l1;l157;1;1704
l1;l1;1;1704
l1;l22;1;1704
l1;nan;1;1704
nan;nan;6;1704
l22;l390;1;1704
l390;l15;2;1704
l16;l14;1;1704
l14;l15;1;1704
l157;l12;1;1705
l12;l183;1;1705
l12;l29;1;1705
l12;l31;1;1705
l183;l12;1;1705
nan;nan;1;1705
l11;l5;1;1705
l11;l301;1;1705
l5;l1;1;1705
l5;l72;1;1705
l1;l37;1;1705
l37;l22;1;1705
l22;l515;1;1705
l515;l1;1;1705
l15;l4;2;1705
l15;l33;1;1705
l4;l35;1;1705
l4;l76;1;1705
l35;l8;1;1705
l8;l29;1;1705
l33;l12;1;1705
l31;l32;1;1705
l32;l11;1;1705
l76;l5;1;1705
l72;l131;1;1705
l131;l75;1;1705
l29;l12;1;1706
l29;l29;1;1706
l29;l80;1;1706
l12;l33;1;1706
l12;l31;2;1706
l33;l12;1;1706
l31;l12;1;1706
l18;l1;1;1706
l18;nan;1;1706
l80;l4;1;1706
l4;nan;1;1706
nan;l11;1;1706
l301;l1;1;1706
l301;l51;1;1706
l11;l301;1;1706
l1211;l1;1;1706
l31;l30;1;1707
l30;l29;1;1707
l29;l77;1;1707
l77;l1;1;1707
l11;l301;1;1707
l301;l51;1;1707
nan;l22;1;1707
l22;l11;1;1707
nan;nan;1;1693
l33;l11;1;1693
l11;l72;1;1693
l72;l85;1;1693
nan;nan;3;1699
l1;l123;1;1699
l1;l18;1;1699
l1;l11;1;1699
l1;l132;2;1699
l1;nan;1;1699
l123;l41;1;1699
l41;l12;1;1699
l12;l33;3;1699
l12;l44;1;1699
l12;l80;1;1699
l33;l12;3;1699
l44;l29;1;1699
l44;l12;1;1699
l29;l30;2;1699
l30;l29;1;1699
l30;l44;1;1699
l11;l76;1;1699
l11;l5;1;1699
l11;l33;1;1699
l76;l4;1;1699
l76;l277;1;1699
l4;l76;1;1699
l4;l91;1;1699
l277;l4;1;1699
l91;l78;1;1699
l78;l35;1;1699
l78;l91;1;1699
l35;l78;1;1699
l5;l1;1;1699
l132;l12;1;1699
l132;l11;1;1699
l80;l33;1;1699
l18;l41;4;1814
l18;nan;1;1814
l18;l4;2;1814
l18;l57;8;1814
l18;l107;1;1814
l18;l9;2;1814
l18;l14;3;1814
l18;l5;2;1814
l18;l22;1;1814
l41;l4;4;1814
l4;l78;1;1814
l4;l11;3;1814
l4;l107;3;1814
l4;l58;2;1814
l4;l59;2;1814
l4;l244;3;1814
l4;l5;1;1814
l4;l9;1;1814
l78;l4;1;1814
l11;l5;17;1814
l11;l22;1;1814
l5;l1;29;1814
l5;l108;4;1814
l5;l37;1;1814
l5;l77;1;1814
l5;l97;1;1814
l5;l11;1;1814
l107;l15;5;1814
l107;l14;1;1814
l15;l14;1;1814
l15;l54;3;1814
l15;l184;1;1814
l14;l19;11;1814
l54;l5;1;1814
l54;l14;4;1814
l244;l11;4;1814
l244;l5;1;1814
l57;l2;1;1814
l57;l12;2;1814
l57;l9;3;1814
l57;l8;1;1814
l57;l4;1;1814
l19;l5;7;1814
l19;l14;1;1814
l12;l107;1;1814
l12;l30;2;1814
l1;l11;1;1814
l58;l9;2;1814
l9;l11;4;1814
l9;l4;5;1814
l9;l244;2;1814
l37;l107;1;1814
l37;l5;1;1814
l59;l11;2;1814
l8;l9;1;1814
l77;l9;1;1814
l526;l5;1;1814
l16;l5;1;1814
l16;l54;1;1814
l22;l740;2;1814
l22;l16;1;1814
l740;l22;1;1814
l740;l125;1;1814
l125;l14;1;1814
l20;l4;1;1814
l184;l14;1;1814
l11;l5;6;1821
l11;l70;1;1821
l11;l1;1;1821
l5;l6;1;1821
l5;l70;1;1821
l5;l108;4;1821
l5;l1;15;1821
l5;l12;2;1821
l1;l14;3;1821
l1;l57;1;1821
l1;l4;1;1821
l1;l5;2;1821
l1;l11;1;1821
l14;l19;8;1821
l19;l11;2;1821
l19;l5;7;1821
l57;l14;1;1821
l18;l12;2;1821
l18;l11;1;1821
l12;l14;2;1821
l12;l107;1;1821
l12;l5;1;1821
l12;l22;1;1821
l9;l11;2;1821
l9;l78;1;1821
l9;l5;1;1821
l4;l107;1;1821
l4;l12;1;1821
l4;l11;1;1821
l107;l14;1;1821
l107;l13;1;1821
l13;l14;1;1821
l8;l9;2;1821
l78;l4;1;1821
l22;l14;1;1821
l14;l5;1;1827
l14;l16;1;1827
l14;l19;12;1827
l5;l145;1;1827
l5;l6;1;1827
l5;l12;1;1827
l5;l108;1;1827
l5;l1;14;1827
l145;l220;1;1827
l1;l14;3;1827
l1;l9;3;1827
l1;l12;1;1827
l1;l4;4;1827
l1;l916;1;1827
l1;l58;1;1827
l18;l5;1;1827
l18;l12;1;1827
l18;l58;1;1827
l12;l107;2;1827
l12;l13;1;1827
l12;l32;1;1827
l107;l14;4;1827
l107;l15;1;1827
l107;l13;1;1827
l19;l11;1;1827
l19;l5;12;1827
l19;l147;1;1827
l9;l107;3;1827
l9;l13;1;1827
l9;l4;3;1827
l9;l5;2;1827
l9;l8;1;1827
l11;l5;2;1827
l20;l8;1;1827
l13;l14;4;1827
l4;l9;2;1827
l4;l5;2;1827
l4;l58;1;1827
l4;l173;1;1827
l4;l107;1;1827
l916;l14;1;1827
l85;l12;1;1827
l85;l4;1;1827
l58;l9;3;1827
l32;l9;1;1827
l173;l4;1;1827
l15;l13;1;1827
l14;l147;1;1830
l14;l5;1;1830
l14;l19;12;1830
l147;l220;1;1830
l5;l70;1;1830
l5;l1;8;1830
l5;l12;1;1830
l18;l11;2;1830
l18;l9;1;1830
l11;l4;2;1830
l11;l1;1;1830
l11;l5;2;1830
l4;l8;6;1830
l4;l11;1;1830
l4;l107;1;1830
l4;l5;2;1830
l8;l5;3;1830
l8;l9;2;1830
l8;l20;2;1830
l8;l4;1;1830
l1;l221;2;1830
l1;l9;3;1830
l1;l4;5;1830
l1;l5;1;1830
l1;l8;1;1830
l1;l14;1;1830
l221;l14;2;1830
l19;l11;1;1830
l19;l5;10;1830
l19;l19;1;1830
l78;l4;1;1830
l9;l107;3;1830
l9;l11;1;1830
l9;l14;1;1830
l9;l5;2;1830
l9;l4;1;1830
l107;l13;3;1830
l107;l15;1;1830
l13;l14;4;1830
l20;l70;1;1830
l12;l14;1;1830
l15;l13;1;1830
l21;l223;1;1824
l223;l58;1;1824
l58;l78;2;1824
l58;l9;4;1824
l5;l108;2;1824
l5;l70;1;1824
l5;l37;1;1824
l5;l1;6;1824
l5;l12;1;1824
l5;nan;1;1824
l1;l8;3;1824
l1;l58;2;1824
l1;l12;2;1824
l1;l5;2;1824
l1;l4;4;1824
l1;l13;1;1824
l1;l14;3;1824
l8;l20;1;1824
l8;l9;1;1824
l8;l58;1;1824
l19;l54;1;1824
l19;l5;8;1824
l19;l77;1;1824
l54;l5;1;1824
l9;l107;2;1824
l9;l4;1;1824
l107;l13;5;1824
l107;l14;1;1824
l13;l14;9;1824
l11;l5;2;1824
l11;l1;1;1824
l12;l4;1;1824
l12;l13;2;1824
l12;l9;1;1824
l12;l107;1;1824
l4;l13;1;1824
l4;l107;2;1824
l4;l58;2;1824
l4;l244;2;1824
l14;l19;10;1824
l37;l107;1;1824
l18;l14;1;1824
l357;l12;1;1824
l78;l4;1;1824
l78;l91;1;1824
l244;l11;1;1824
l244;l5;1;1824
l20;l78;1;1824
l91;l4;1;1824
l85;l12;1;1824
l1;l22;1;1739
l22;l14;1;1739
l14;l5;1;1739
l14;l19;1;1739
l11;l5;1;1739
l5;l75;1;1739
l5;l1;7;1739
nan;l15;1;1739
l15;l14;1;1739
l15;l4;1;1739
l19;l15;1;1739
l19;l5;2;1739
l667;l5;1;1739
l2;l5;1;1739
l5;l70;1;1740
l5;l1;2;1740
l1;l4;2;1740
l1;l11;1;1740
l1;l41;1;1740
l4;l11;2;1740
l4;l5;1;1740
l11;l108;1;1740
l11;l46;2;1740
l11;l28;1;1740
l11;l1;1;1740
l18;l11;2;1740
l18;l22;1;1740
nan;nan;1;1740
l22;l14;1;1740
l14;l19;1;1740
l19;l5;1;1740
l1;l87;1;1680
l1;l1;1;1680
l85;l4;1;1680
l4;l91;1;1680
l91;l35;1;1680
l87;l72;1;1680
l87;l141;1;1680
l72;l1;1;1680
nan;l87;1;1680
nan;nan;3;1680
l87;l5;2;1681
l5;l1;3;1681
l35;l4;1;1681
l35;l80;1;1681
l4;l77;1;1681
l77;l5;1;1681
nan;nan;3;1681
l1;l173;1;1681
l1;l87;2;1681
l80;l295;1;1681
l295;l1252;1;1681
l1;l1;3;1682
nan;nan;4;1682
l18;l41;4;1783
l18;nan;1;1783
l18;l40;8;1783
l18;l1;1;1783
l18;l5;2;1783
l41;l4;7;1783
l41;l12;2;1783
l4;l20;4;1783
l4;l15;4;1783
l4;l28;2;1783
l4;l14;3;1783
l4;l22;2;1783
l4;l91;1;1783
l20;l9;4;1783
l20;l4;1;1783
l20;l5;1;1783
l9;l5;1;1783
l15;l14;4;1783
l14;l19;10;1783
l19;l5;5;1783
l19;l11;1;1783
l5;l1;4;1783
l5;l12;1;1783
l5;l94;1;1783
l5;l5;2;1783
l5;l11;1;1783
l5;l37;1;1783
l28;l12;2;1783
l28;l30;1;1783
l12;l295;1;1783
l12;l30;1;1783
l12;l44;2;1783
l12;l5;1;1783
l12;l32;1;1783
l12;l11;1;1783
l12;nan;1;1783
l1;l11;3;1783
l30;l28;1;1783
l30;l12;1;1783
l30;l46;1;1783
l30;l290;1;1783
l44;l12;1;1783
l40;l41;5;1783
l40;l4;3;1783
l32;l279;1;1783
l279;l30;1;1783
l46;l279;1;1783
l22;l14;1;1783
l22;l30;1;1783
l8;l5;1;1783
l8;l20;1;1783
l65;l14;1;1783
l210;l5;1;1783
l94;l1;1;1783
l290;l12;1;1783
nan;l14;1;1783
l11;l5;1;1783
l91;l2;1;1783
l37;l333;1;1783
l333;l14;1;1783
l5;l51;1;1784
l5;l108;2;1784
l5;l1;14;1784
l5;l131;1;1784
l5;l72;1;1784
l18;l11;1;1784
l1;l4;1;1784
l1;l53;1;1784
l1;l40;1;1784
l1;l57;2;1784
l1;l41;1;1784
l1;l14;1;1784
l1;l5;1;1784
l1;l11;1;1784
l1;l20;1;1784
l4;l14;2;1784
l4;l20;3;1784
l4;l15;2;1784
l4;l143;2;1784
l14;l19;6;1784
l53;l4;1;1784
l20;l9;2;1784
l20;l4;1;1784
l20;l157;1;1784
l40;l41;1;1784
l41;l4;1;1784
l41;l12;1;1784
l295;l703;1;1784
l295;l12;1;1784
l703;l373;1;1784
l703;l295;1;1784
l373;l703;1;1784
l12;l5;1;1784
l12;l33;1;1784
l12;l46;1;1784
l12;l4;1;1784
l12;l14;1;1784
l11;l4;3;1784
l11;l5;3;1784
l11;l1;1;1784
l15;l14;2;1784
l19;l5;8;1784
l44;l30;1;1784
l30;l5;1;1784
l30;l12;1;1784
l279;l12;1;1784
l33;l157;1;1784
l157;l12;1;1784
l46;l20;1;1784
l9;l5;1;1784
l9;l11;1;1784
l9;l78;1;1784
l78;l4;1;1784
l143;l4;1;1784
l143;l91;1;1784
l72;l1;1;1784
nan;nan;1;1784
l2;l37;1;1784
l37;l22;1;1784
l22;l91;1;1784
l91;l2;1;1784
l1;l14;4;1785
l1;l57;3;1785
l1;l103;1;1785
l1;l5;1;1785
l1;l41;2;1785
l14;l19;13;1785
l11;l4;1;1785
l11;l5;2;1785
l4;l15;3;1785
l4;l524;1;1785
l4;l58;2;1785
l4;l14;1;1785
l4;l37;1;1785
l4;l53;1;1785
l15;l14;3;1785
l8;l58;1;1785
l19;l5;7;1785
l5;l1;10;1785
l5;l72;1;1785
l5;l14;1;1785
l5;l22;1;1785
l18;l41;1;1785
l18;l57;2;1785
l18;l14;1;1785
l41;l4;3;1785
l41;l12;2;1785
l524;l20;1;1785
l524;l5;1;1785
l20;l9;1;1785
l20;l11;1;1785
l57;l53;1;1785
l57;l41;2;1785
l57;l11;1;1785
l57;l4;1;1785
l53;l4;1;1785
l53;l5;1;1785
l58;l20;1;1785
l12;l30;1;1785
l12;l28;1;1785
l12;l524;1;1785
l12;l5;1;1785
l30;l12;1;1785
l9;l409;1;1785
l9;l77;1;1785
l409;l5;1;1785
l77;l5;1;1785
l103;l4;1;1785
l72;l1;1;1785
l37;l107;1;1785
l37;l11;1;1785
l37;l333;1;1785
l107;l37;1;1785
l55;l14;1;1785
l55;nan;1;1785
l131;l1;1;1785
l157;l12;1;1785
l91;l4;1;1785
l22;l37;1;1785
l2;l5;1;1785
l19;l5;12;1786
l19;l87;1;1786
l5;l51;1;1786
l5;l108;1;1786
l5;l1;15;1786
l5;l85;1;1786
l5;l70;1;1786
l5;nan;1;1786
l5;l72;1;1786
l5;l14;1;1786
l1;l57;1;1786
l1;l40;4;1786
l1;l14;10;1786
l1;l41;2;1786
l1;l53;1;1786
l1;nan;1;1786
l1;l46;1;1786
l1;l4;4;1786
l1;l5;1;1786
l57;l68;1;1786
l57;l41;1;1786
l57;l11;1;1786
l68;l12;1;1786
l12;l107;1;1786
l12;l15;1;1786
l12;l33;1;1786
l12;l30;1;1786
l12;l5;1;1786
l18;l14;1;1786
l18;l37;1;1786
l18;l41;1;1786
l14;l19;21;1786
l14;l16;1;1786
l58;l11;1;1786
l58;l9;1;1786
l58;l20;1;1786
l11;l5;2;1786
l11;l4;2;1786
l85;l51;1;1786
l40;l14;1;1786
l40;l4;2;1786
l40;l12;1;1786
l9;l5;1;1786
l9;l4;2;1786
l20;l53;1;1786
l20;l4;2;1786
l20;l11;1;1786
l53;l5;1;1786
l53;l4;1;1786
l28;l30;1;1786
l30;l12;2;1786
l15;l14;7;1786
l37;l14;1;1786
l37;l5;1;1786
l4;l524;1;1786
l4;l14;2;1786
l4;l91;1;1786
l4;l15;6;1786
l4;l65;1;1786
l4;l58;1;1786
l4;l5;2;1786
l4;l8;1;1786
l524;l9;1;1786
l41;l4;4;1786
l91;l2;1;1786
l2;l20;1;1786
l8;l108;1;1786
l8;l20;1;1786
l65;l14;1;1786
l72;l1;1;1786
l87;l5;1;1786
l333;l37;1;1786
l33;l12;1;1786
l11;l11;1;1789
l11;l5;2;1789
l5;l108;7;1789
l5;l276;1;1789
l5;l22;1;1789
l5;l70;2;1789
l5;l1;12;1789
l5;l37;1;1789
l1;l4;2;1789
l1;l14;4;1789
l1;l58;1;1789
l1;l40;1;1789
l1;l22;1;1789
l4;l58;3;1789
l4;l5;2;1789
l4;l14;4;1789
l4;l37;1;1789
l4;l11;1;1789
l4;l107;3;1789
l4;l292;1;1789
l4;l8;1;1789
l58;l9;5;1789
l58;l4;1;1789
l58;l5;1;1789
l14;l19;21;1789
l19;l16;1;1789
l19;l5;16;1789
l16;l5;1;1789
l18;l5;1;1789
l18;l603;1;1789
l18;l57;2;1789
l18;l4;2;1789
l18;l40;1;1789
l22;l14;2;1789
l9;l4;4;1789
l603;l4;1;1789
l21;l4;2;1789
l37;l58;1;1789
l37;l12;1;1789
l37;l14;1;1789
l57;l58;1;1789
l57;l4;2;1789
l103;l12;1;1789
l12;l15;1;1789
l12;l14;2;1789
l12;l30;1;1789
l12;l5;1;1789
l15;l14;1;1789
l85;l14;1;1789
l55;l57;1;1789
l40;l12;1;1789
l40;l4;2;1789
l30;l12;1;1789
l107;l14;3;1789
l8;l20;1;1789
l8;l58;1;1789
l20;l4;1;1789
l292;l4;1;1789
l1;l12;3;1790
l1;l14;5;1790
l1;l40;1;1790
l1;l57;1;1790
l1;l58;1;1790
l1;l132;1;1790
l1;l5;1;1790
l1;l4;3;1790
l12;l14;2;1790
l12;l107;1;1790
l12;l30;1;1790
l14;l19;17;1790
l14;l5;1;1790
l19;l11;8;1790
l19;l5;9;1790
l9;l35;1;1790
l9;l4;3;1790
l9;l11;1;1790
l35;l5;1;1790
l5;l108;6;1790
l5;l1;19;1790
l5;l14;1;1790
l5;l37;1;1790
l55;l4;1;1790
l55;l12;1;1790
l4;l292;1;1790
l4;l14;2;1790
l4;l5;3;1790
l4;l37;1;1790
l4;l58;1;1790
l4;l107;5;1790
l4;l91;1;1790
l292;l4;1;1790
l107;l14;6;1790
l37;l5;1;1790
l37;l14;1;1790
l40;l58;1;1790
l58;l4;3;1790
l58;l9;2;1790
l30;l22;1;1790
l22;l14;1;1790
l57;l4;1;1790
l91;l58;1;1790
l18;l18;1;1790
l18;l4;2;1790
l85;l5;1;1790
l132;l58;1;1790
l1;l57;1;1686
l1;nan;1;1686
l57;nan;1;1686
nan;l12;1;1686
nan;nan;4;1686
l12;l41;1;1686
l12;l33;1;1686
l390;l12;1;1686
l33;l1;1;1686
l46;l29;1;1686
l29;l295;1;1686
l295;l80;1;1686
l80;l4;1;1686
l4;l5;1;1686
l5;l1;1;1686
l41;nan;1;1687
nan;nan;3;1687
l5;l1;1;1687
l1;l4;1;1687
l1;l85;2;1687
l1;l57;1;1738
l1;nan;1;1738
l1;l41;1;1738
l1;l22;1;1738
l1;l11;1;1738
l57;l4;1;1738
l4;l11;1;1738
l4;l15;1;1738
l4;l5;2;1738
l4;l8;1;1738
l4;l2;1;1738
l5;l1;7;1738
l11;l4;2;1738
l11;l41;1;1738
l11;l5;2;1738
l11;l22;1;1738
l15;l14;1;1738
l15;l4;1;1738
l14;l19;3;1738
l19;l15;1;1738
l19;l5;1;1738
l28;l5;3;1738
l28;l4;1;1738
l41;l157;1;1738
l41;l12;1;1738
l157;l12;1;1738
l12;l30;2;1738
l12;l33;1;1738
l12;l28;1;1738
l30;l46;1;1738
l30;l28;1;1738
l46;l46;1;1738
l46;l28;1;1738
l85;l22;1;1738
l22;l14;2;1738
l22;l4;1;1738
l33;l12;1;1738
l8;l20;1;1738
l20;l5;1;1738
l33;l12;1;1700
l33;l44;1;1700
l12;l5;2;1700
l5;l1;3;1700
l91;l4;1;1700
l4;l5;1;1700
l18;l1;1;1700
nan;nan;4;1700
l1;l57;1;1700
l1;l1;2;1700
l1;l11;1;1700
l57;l11;1;1700
l11;l22;1;1700
l22;l390;1;1700
l390;l11;1;1700
l44;l80;1;1700
l80;l269;1;1700
l269;l33;1;1700
l5;l1;14;1831
l5;l108;2;1831
l11;l5;1;1831
l11;l8;2;1831
l1;l11;1;1831
l1;l12;1;1831
l1;l9;1;1831
l1;l14;2;1831
l1;l4;3;1831
l1;l8;2;1831
l12;l14;1;1831
l14;l19;6;1831
l19;l5;7;1831
l9;l107;3;1831
l9;l5;2;1831
l107;l13;1;1831
l107;l14;2;1831
l13;l14;1;1831
l20;l5;2;1831
l4;l58;1;1831
l4;l9;2;1831
l58;l8;1;1831
l8;l9;2;1831
l8;l20;1;1831
l8;l58;1;1831
l18;l11;1;1831
l1;l57;1;1689
l1;l11;1;1689
l1;nan;1;1689
l57;l5;1;1689
l11;l4;1;1689
l4;l77;1;1689
l4;l15;1;1689
l15;l390;1;1689
l5;l12;1;1690
l5;l1;1;1690
l12;l33;1;1690
l33;l84;1;1690
l77;l5;1;1690
nan;nan;1;1690
l390;l15;1;1690
l15;l84;1;1690
l84;l4;1;1690
l4;l1;1;1690
l84;l15;1;1691
l15;l84;1;1691
nan;l144;1;1691
nan;nan;1;1691
l84;l290;1;1692
l290;l31;1;1692
l31;l44;1;1692
l44;l33;1;1692
nan;nan;1;1692
l1;l1;1;1692
l18;l11;1;1644
l11;l4;1;1644
l11;l5;1;1644
l1;l41;1;1644
l41;l33;2;1644
l33;l5;2;1644
l33;l77;1;1644
l77;l41;1;1644
l5;l1;1;1644
l1;l1;2;1674
l87;l63;1;1674
nan;nan;5;1674
l55;l1;3;1674
l55;nan;1;1674
l1;l1;2;1678
nan;nan;7;1678
l4;l35;1;1678
l35;l5;1;1678
l1;l134;2;1659
l134;l41;1;1659
l41;l33;1;1659
nan;nan;1;1659
l1;l72;1;1709
l1;l40;2;1709
l40;l292;1;1709
l40;l4;1;1709
l292;l76;1;1709
l76;l4;1;1709
l85;l11;1;1709
l85;l1;1;1709
l11;l59;1;1709
l11;l397;1;1709
l4;l2;1;1709
l2;l11;1;1709
l397;l170;1;1709
l170;l70;1;1709
l12;l33;2;1709
l12;l80;1;1709
l33;l12;2;1709
l80;l12;1;1709
l72;l157;1;1710
l157;l12;1;1710
l12;l11;1;1710
l12;l28;1;1710
l4;l87;1;1710
l4;l11;1;1710
l87;l37;1;1710
l87;l107;1;1710
l37;l22;1;1710
l37;l87;1;1710
l22;l37;1;1710
l22;l16;1;1710
l107;l4;1;1710
l59;l28;1;1710
l28;l29;1;1710
l28;l5;1;1710
l29;nan;1;1710
l11;l1;1;1710
l1;l22;1;1710
l5;l51;1;1710
l11;l301;2;1711
l11;l5;2;1711
l11;l28;1;1711
l11;l59;1;1711
l301;l51;2;1711
l9;l11;1;1711
l5;l51;1;1711
l5;l108;1;1711
l5;l1;1;1711
l37;l5;1;1711
l1;l11;1;1711
l1;l68;1;1711
l1;l203;1;1711
l68;l11;1;1711
l59;l28;1;1711
l16;l14;1;1711
l16;l15;1;1711
l14;l16;1;1711
l18;nan;1;1712
l1;l40;1;1712
l40;l11;1;1712
l11;l28;1;1712
l28;l46;1;1712
l28;l12;1;1712
l28;l29;1;1712
l28;l157;1;1712
l46;l29;1;1712
l29;l44;2;1712
l44;l12;2;1712
l12;l33;5;1712
l12;l11;4;1712
l33;l12;4;1712
l85;l22;1;1712
l22;l16;1;1712
l16;l14;1;1712
l14;l22;1;1712
l141;l1;1;1712
l203;l157;1;1712
l157;l12;2;1712
l15;l28;1;1712
l1;l33;1;1622
l33;l80;2;1622
l33;l11;1;1622
l80;l303;1;1622
l11;l1;1;1622
l11;nan;1;1622
l22;l166;1;1622
l166;nan;1;1622
l303;l33;1;1623
l33;l157;1;1623
l33;l80;1;1623
l157;l33;1;1623
l11;l5;1;1623
l5;l1;1;1623
l80;nan;1;1623
l80;l33;2;1624
l33;l1;2;1624
l33;l80;2;1624
l1;l41;1;1624
l1;l11;2;1624
l11;l103;1;1624
l11;l33;1;1624
l103;l61;1;1624
l61;l33;1;1624
l41;l33;2;1626
l33;l22;2;1626
l33;l11;1;1626
l1;l22;1;1626
l1;l41;1;1626
l22;nan;1;1626
l5;l1;1;1626
l5;l18;1;1626
l11;l5;1;1626
l22;l33;4;1627
l22;l166;1;1627
l22;l87;1;1627
l33;l87;1;1627
l33;l1;1;1627
l33;nan;1;1627
l33;l80;2;1627
nan;l18;1;1627
l166;l22;1;1627
l70;l11;1;1627
l11;l61;2;1627
l61;l33;2;1627
l1;l11;1;1627
l80;l33;2;1627
l87;l33;1;1628
l87;l1;1;1628
l33;l87;1;1628
l33;l80;3;1628
l33;l77;1;1628
l33;l11;1;1628
l33;l1;1;1628
l1;l103;1;1628
l1;l33;1;1628
l103;l61;1;1628
l61;l33;1;1628
l77;l33;1;1628
l80;l33;2;1628
nan;l1;1;1628
l1;l33;1;1634
l33;l80;1;1634
l80;l33;1;1634
l5;l1;1;1634
l33;l87;1;1635
l33;l80;1;1635
l33;l44;1;1635
l87;l33;1;1635
l11;l103;1;1635
l1;l11;1;1635
l478;l103;1;1635
l103;l41;1;1635
l41;l33;1;1635
l44;l33;1;1635
l80;l33;1;1636
l80;l91;1;1636
l33;l44;1;1636
l33;l305;1;1636
l33;l80;1;1636
l44;l77;1;1636
l77;l305;1;1636
l305;l33;1;1636
l305;l91;1;1636
l103;l41;1;1636
l41;l91;1;1636
l91;l87;1;1636
l91;l80;1;1636
l80;l33;1;1638
l33;l203;1;1638
l33;nan;1;1638
l33;l80;1;1638
l203;l33;1;1638
l1;l103;1;1638
l103;l33;1;1638
l5;l108;1;1834
l5;l70;1;1834
l5;l6;1;1834
l5;l1;18;1834
l5;l145;1;1834
l19;l5;7;1834
l19;l11;1;1834
l8;l5;1;1834
l8;l20;1;1834
l8;l9;1;1834
l78;l8;1;1834
l20;l5;1;1834
l11;l5;1;1834
l11;l147;1;1834
l14;l19;2;1834
l9;l4;1;1834
l9;l5;2;1834
l4;l5;1;1834
l5;l108;4;1818
l5;l1;9;1818
l5;l8;1;1818
l12;l14;1;1818
l12;l107;1;1818
l12;l30;1;1818
l12;l15;2;1818
l14;l19;11;1818
l19;l5;7;1818
l19;l1;1;1818
l19;l11;3;1818
l107;l14;2;1818
l107;l15;2;1818
l8;l4;1;1818
l8;l58;1;1818
l8;l9;1;1818
l4;l409;1;1818
l4;l107;2;1818
l4;l408;1;1818
l4;l8;1;1818
l409;l5;1;1818
l85;l12;1;1818
l30;l5;1;1818
l1;l22;1;1818
l1;l41;1;1818
l1;l5;1;1818
l1;l128;1;1818
l1;l107;1;1818
l1;l4;1;1818
l1;l14;1;1818
l22;l14;2;1818
l41;l4;1;1818
l15;l14;4;1818
l18;l4;2;1818
l18;l976;1;1818
l18;l22;1;1818
l408;l9;1;1818
l9;l78;1;1818
l78;l4;1;1818
l11;l5;3;1818
l976;l14;1;1818
l128;l14;1;1818
l11;l5;2;1822
l11;l1;1;1822
l11;l4;2;1822
l5;l127;1;1822
l5;l1;8;1822
l5;l12;2;1822
l85;l12;2;1822
l12;l13;2;1822
l12;l107;1;1822
l12;l14;1;1822
l12;l15;1;1822
l13;l14;4;1822
l13;l107;1;1822
l14;l19;14;1822
l19;l5;10;1822
l19;nan;1;1822
l19;l11;2;1822
l19;l13;1;1822
l1;l37;1;1822
l1;l12;1;1822
l1;l14;3;1822
l1;l4;1;1822
l1;l5;2;1822
l1;l9;1;1822
l37;l14;1;1822
l37;l11;1;1822
l107;l13;2;1822
l107;l15;2;1822
l107;l14;1;1822
l18;l37;1;1822
l4;l107;3;1822
l15;l14;3;1822
l1;l14;3;1823
l1;nan;1;1823
l1;l12;2;1823
l1;l54;1;1823
l1;l5;1;1823
l1;l8;1;1823
l1;l11;1;1823
l14;l19;9;1823
l19;l5;7;1823
l19;l11;2;1823
l5;l70;2;1823
l5;l108;2;1823
l5;l127;1;1823
l5;l1;10;1823
l5;l37;1;1823
l18;l14;1;1823
l18;l77;1;1823
nan;l5;1;1823
l77;l107;1;1823
l107;l13;2;1823
l13;l14;2;1823
l12;l54;2;1823
l54;l14;3;1823
l11;l5;2;1823
l11;l58;1;1823
l37;l107;1;1823
l8;l58;1;1823
l8;l20;1;1823
l58;l8;1;1823
l9;l5;1;1823
l11;l4;4;1753
l4;l14;2;1753
l4;l15;3;1753
l14;l19;7;1753
l14;l5;1;1753
l19;l5;6;1753
l5;l75;1;1753
l5;l129;1;1753
l5;l1;2;1753
l5;l170;1;1753
l5;l22;1;1753
l129;l85;1;1753
l85;l75;1;1753
l15;l14;3;1753
l1;l11;3;1753
l1;l5;1;1753
l1;l41;1;1753
l1;l22;1;1753
l22;l14;1;1753
l22;l37;1;1753
l18;l41;1;1753
l41;l4;1;1753
l32;l28;1;1753
l32;l12;1;1753
l32;l30;1;1753
l28;l5;1;1753
l170;l1;1;1753
l12;l33;2;1753
l12;l32;1;1753
l33;l157;1;1753
l33;l12;1;1753
l157;l12;1;1753
l29;l30;1;1753
l30;l32;1;1753
l30;l14;1;1753
l37;l83;1;1753
l37;l333;1;1753
l83;l37;1;1753
l1;l11;2;1722
l1;l40;2;1722
l1;l2;1;1722
l11;l4;1;1722
l11;l5;2;1722
l11;l22;1;1722
l11;l157;1;1722
l4;l35;1;1722
l4;l11;1;1722
l4;l76;1;1722
l35;l8;1;1722
l35;l11;1;1722
l8;l35;1;1722
l22;l11;1;1722
l22;l14;1;1722
l5;l1;1;1722
l5;l97;1;1722
l40;l4;1;1722
l14;l15;1;1722
l15;l4;1;1722
nan;nan;3;1722
l31;l30;1;1722
l30;l11;1;1722
l157;l44;1;1722
l44;l29;1;1722
l29;l11;1;1722
l11;l5;5;1723
l11;l4;1;1723
l11;l22;1;1723
l5;l72;1;1723
l5;l141;1;1723
l5;l70;1;1723
l5;l1;1;1723
l5;l75;1;1723
l72;l325;1;1723
l1;l11;2;1723
l1;l57;2;1723
l1;l12;1;1723
l1;l250;1;1723
l4;l76;1;1723
l4;l11;2;1723
l76;l4;1;1723
l76;l5;1;1723
l57;l4;1;1723
l12;l31;1;1723
l12;l30;1;1723
l12;l33;1;1723
l12;l80;1;1723
l31;l30;1;1723
l30;l46;2;1723
l30;l12;1;1723
l46;l28;2;1723
l46;l29;1;1723
l28;l46;1;1723
l28;l5;1;1723
l29;l30;1;1723
l21;nan;1;1723
l250;l12;1;1723
l33;l12;1;1723
l40;l11;1;1723
l22;l14;1;1723
l14;l5;1;1723
l1;l85;1;1719
l1;l40;1;1719
l1;l11;1;1719
l1;nan;2;1719
l11;l5;5;1719
l11;l4;1;1719
l5;l1;2;1719
l5;l97;2;1719
l5;l51;1;1719
l85;l1;1;1719
nan;nan;1;1719
l40;l194;1;1719
l194;l30;1;1719
l30;l12;1;1719
l30;l29;1;1719
l12;l31;1;1719
l22;l11;1;1719
l4;l76;1;1719
l4;l11;1;1719
l4;l47;1;1719
l76;l4;2;1719
l46;l11;2;1719
l47;l11;1;1719
l41;l157;1;1719
l157;l30;1;1719
l29;l46;1;1719
l18;l57;1;1770
l18;l40;1;1770
l18;l5;1;1770
l18;l41;1;1770
l18;l11;1;1770
l57;l41;1;1770
l57;l40;1;1770
l57;l123;1;1770
l41;l4;7;1770
l4;l14;3;1770
l4;l15;4;1770
l4;l22;1;1770
l4;l11;1;1770
l14;l210;1;1770
l14;l19;9;1770
l1;l41;1;1770
l1;l123;1;1770
l1;l14;1;1770
l1;l37;1;1770
l1;l57;1;1770
l1;l129;1;1770
l1;l1363;1;1770
l15;l14;3;1770
l15;l1364;1;1770
l5;l1;16;1770
l5;l75;1;1770
l5;l72;3;1770
l5;l22;1;1770
l19;l5;9;1770
l19;l11;1;1770
l85;l41;2;1770
l85;l5;1;1770
l85;l57;1;1770
l40;l68;1;1770
l40;l41;1;1770
l68;l11;1;1770
l11;l28;1;1770
l11;l5;4;1770
l11;l37;1;1770
l11;l4;1;1770
l28;l46;1;1770
l28;l5;1;1770
l46;l29;1;1770
l46;l28;1;1770
l29;l30;1;1770
l30;l290;1;1770
l30;l5;1;1770
l30;l46;1;1770
l30;l12;1;1770
l30;l14;1;1770
l22;l14;1;1770
l22;l37;1;1770
l72;l108;1;1770
l72;l1;2;1770
l123;l12;2;1770
l12;l30;2;1770
l12;l33;1;1770
l12;l44;1;1770
l37;l83;1;1770
l37;l14;2;1770
l83;l37;1;1770
l8;l4;1;1770
l16;l5;1;1770
l33;l12;1;1770
l129;l14;1;1770
l1363;l41;1;1770
nan;l5;1;1770
l210;l5;2;1771
l5;l1;13;1771
l5;l22;1;1771
l5;l84;1;1771
l5;l75;1;1771
l1;l1;1;1771
l1;l14;1;1771
l1;l40;2;1771
l1;l11;2;1771
l1;l41;2;1771
l1;l37;2;1771
l1;l53;1;1771
l14;l19;15;1771
l14;l210;1;1771
l19;l5;7;1771
l18;l5;1;1771
l18;l22;1;1771
l18;l103;1;1771
l18;l11;1;1771
l18;l57;1;1771
l18;l41;2;1771
l18;l37;1;1771
l18;l4;1;1771
l22;l14;2;1771
l290;l12;1;1771
l290;l30;1;1771
l12;l33;2;1771
l12;l44;1;1771
l12;l290;1;1771
l33;l12;1;1771
l44;l30;1;1771
l44;l28;1;1771
l30;l4;1;1771
l4;l5;1;1771
l4;l15;2;1771
l4;l14;6;1771
l84;l14;1;1771
l40;l41;1;1771
l40;l11;1;1771
l41;l12;2;1771
l41;l4;4;1771
l11;l4;1;1771
l11;l12;1;1771
l15;l14;2;1771
l103;l59;1;1771
l37;l333;1;1771
l37;l14;1;1771
l333;l5;1;1771
l53;l4;1;1771
l55;l57;1;1771
l28;l5;1;1771
l85;l41;1;1771
l85;l4;1;1771
l1364;l14;1;1771
l18;nan;1;1782
l18;l1;1;1782
l18;l68;3;1782
l18;l4;3;1782
l18;l323;1;1782
l18;l41;1;1782
l18;l5;1;1782
l68;l250;1;1782
l68;l12;2;1782
l250;l12;1;1782
l12;l4;3;1782
l12;l14;2;1782
l4;l58;1;1782
l4;l292;1;1782
l4;l91;1;1782
l4;l4;4;1782
l4;l95;1;1782
l4;l5;1;1782
l4;l30;1;1782
l58;l20;1;1782
l95;l30;1;1782
l95;l292;1;1782
l30;l12;1;1782
l14;l19;1;1782
l14;l210;1;1782
l19;l5;1;1782
l19;l65;1;1782
l19;l15;1;1782
l323;l478;1;1782
l478;l4;1;1782
l85;l1;3;1782
l65;l873;1;1782
l873;l5;1;1782
l5;nan;1;1782
l5;l5;3;1782
l41;l20;1;1782
l20;l8;1;1782
l20;l37;1;1782
l78;l20;1;1782
l37;l65;1;1782
l15;l4;1;1782
l292;l4;1;1782
l292;l298;1;1782
l91;l4;1;1782
l298;l4;1;1782
l1;l11;1;1735
l1;l40;1;1735
l1;l4;2;1735
l1;l250;1;1735
l11;l5;3;1735
l5;l1;5;1735
l5;l70;1;1735
nan;l5;1;1735
nan;nan;1;1735
l33;l157;1;1735
l157;l12;1;1735
l12;l30;3;1735
l30;l5;1;1735
l30;l29;1;1735
l30;l44;1;1735
l30;l28;1;1735
l19;l5;1;1735
l40;l37;1;1735
l37;l83;1;1735
l83;l213;1;1735
l213;l4;1;1735
l4;l76;1;1735
l4;l11;1;1735
l4;l2;1;1735
l250;l41;1;1735
l41;l12;1;1735
l29;l46;1;1735
l29;l30;1;1735
l46;l29;1;1735
l44;l12;1;1735
l28;l11;1;1735
l11;l157;1;1736
l11;l4;1;1736
l11;l5;1;1736
l157;l12;1;1736
l12;l46;1;1736
l12;l30;1;1736
l46;l28;1;1736
l28;l5;1;1736
l28;l11;2;1736
nan;nan;1;1736
l1;l4;3;1736
l1;l11;1;1736
l1;l40;2;1736
l1;l22;1;1736
l4;l8;2;1736
l4;l11;1;1736
l4;l15;1;1736
l8;l4;1;1736
l8;l5;1;1736
l40;l41;1;1736
l41;l12;1;1736
l30;l28;2;1736
l76;l5;1;1736
l5;l1;4;1736
l22;l14;1;1736
l14;l1;1;1736
l14;l19;1;1736
l15;l14;1;1736
l15;l4;1;1736
l19;l15;1;1736
l2;l5;1;1736
l5;l1;5;1737
l5;l97;1;1737
l46;l28;1;1737
l46;l11;1;1737
l28;l11;1;1737
l1;l4;2;1737
l1;l11;3;1737
l1;l22;2;1737
l1;l40;1;1737
l4;l8;1;1737
l4;l5;2;1737
l4;l11;1;1737
l8;l5;1;1737
l22;l14;2;1737
l14;l5;1;1737
l14;l19;1;1737
l40;l41;1;1737
l40;l11;1;1737
l41;l12;2;1737
l12;l28;1;1737
l12;l30;1;1737
l12;l12;1;1737
l12;l32;1;1737
l11;l5;2;1737
l11;l41;1;1737
l18;l12;1;1737
l30;l46;1;1737
l32;l80;1;1737
l80;l12;1;1737
l20;l107;1;1764
l107;l15;1;1764
l15;l14;3;1764
l15;l37;1;1764
l15;l63;3;1764
l14;l19;8;1764
l14;l5;1;1764
l63;l37;1;1764
l63;l15;1;1764
l63;l14;3;1764
l37;l5;2;1764
l37;l22;2;1764
l37;l1;1;1764
l5;l51;1;1764
l5;l37;2;1764
l5;l1;5;1764
l5;l108;1;1764
l1;l57;1;1764
l1;l40;2;1764
l1;l77;1;1764
l1;l5;1;1764
l57;l103;1;1764
l103;l4;1;1764
l4;l5;1;1764
l4;l22;1;1764
l4;l15;4;1764
l4;l76;1;1764
l18;l4;1;1764
l18;l5;1;1764
l18;l14;1;1764
l18;l41;1;1764
l22;l14;3;1764
l85;l5;2;1764
l19;l5;3;1764
l19;l37;1;1764
l55;l1;1;1764
l46;l44;1;1764
l44;l12;1;1764
l12;l33;1;1764
l12;l30;1;1764
l12;l290;1;1764
l33;l12;1;1764
l30;l15;1;1764
l30;l28;1;1764
l77;l4;1;1764
l40;l4;1;1764
l76;l4;1;1764
l11;l5;1;1764
l290;l30;1;1764
l28;l5;1;1764
l41;l4;1;1764
l5;l108;1;1769
l5;l1;13;1769
l5;l18;1;1769
l5;l14;1;1769
nan;l5;1;1769
l1;l22;1;1769
l1;l41;4;1769
l1;l4;2;1769
l1;l14;1;1769
l1;l11;4;1769
l1;l8;1;1769
l1;l68;1;1769
l1;l57;1;1769
l1;l128;1;1769
l22;l14;1;1769
l22;l11;1;1769
l14;l19;16;1769
l14;l16;1;1769
l19;l5;12;1769
l19;l11;1;1769
l19;l22;1;1769
l19;nan;1;1769
l41;l4;5;1769
l41;l12;2;1769
l41;l30;1;1769
l4;l14;8;1769
l4;l15;4;1769
l4;l5;1;1769
l85;l11;1;1769
l85;l4;1;1769
l85;l5;1;1769
l11;l28;1;1769
l11;l5;2;1769
l11;l4;3;1769
l28;l46;1;1769
l28;l11;1;1769
l46;l29;1;1769
l46;l28;1;1769
l29;l30;1;1769
l12;l30;1;1769
l12;l44;1;1769
l12;l5;1;1769
l68;l41;1;1769
l30;l12;1;1769
l30;l46;1;1769
l57;l41;1;1769
l15;l14;4;1769
l18;l41;2;1769
l18;l1;1;1769
l128;l4;1;1769
l20;l77;1;1769
l20;l4;1;1769
l77;l5;1;1769
l44;l30;1;1769
l5;l108;3;1772
l5;l1;10;1772
l5;l75;1;1772
l5;l72;4;1772
l5;l14;1;1772
l19;l11;5;1772
l19;l5;13;1772
l11;l5;4;1772
l11;l4;4;1772
l11;l22;1;1772
l11;l12;1;1772
l18;l40;1;1772
l18;l4;1;1772
l18;l22;1;1772
l18;l11;2;1772
l18;l57;1;1772
l40;l41;1;1772
l40;l61;1;1772
l41;l46;1;1772
l41;l12;1;1772
l46;l30;1;1772
l46;l28;2;1772
l46;l20;1;1772
l30;l290;1;1772
l30;l11;1;1772
l30;l46;3;1772
l30;l12;1;1772
l30;l103;1;1772
l290;l44;1;1772
l290;l30;1;1772
l290;l32;1;1772
l44;l12;1;1772
l12;l33;2;1772
l12;l290;2;1772
l12;l30;2;1772
l12;l46;1;1772
l12;l355;1;1772
l12;l5;1;1772
l1;l57;2;1772
l1;l11;2;1772
l1;l5;1;1772
l1;l40;1;1772
l57;l41;1;1772
l57;l11;2;1772
l28;l11;1;1772
l28;l5;1;1772
l4;l15;2;1772
l4;l235;2;1772
l4;l20;1;1772
l4;l11;1;1772
l15;l14;4;1772
l14;l19;9;1772
l72;l131;1;1772
l72;l1;3;1772
l131;l1;1;1772
l22;l14;2;1772
l59;l30;1;1772
l103;l5;1;1772
l37;l14;2;1772
l20;l5;1;1772
l20;l4;1;1772
l235;l15;2;1772
l61;l12;1;1772
l33;l12;2;1772
l33;l203;1;1772
l32;l30;1;1772
l355;l33;1;1772
l203;l157;1;1772
l157;l12;1;1772
l1;l11;2;1717
l1;l22;1;1717
l1;l40;1;1717
l11;l5;1;1717
l11;l28;1;1717
l11;l16;1;1717
l5;l1;1;1717
nan;nan;1;1717
l18;l1;1;1717
l40;l11;1;1717
l28;l30;1;1717
l30;l12;2;1717
l12;l33;1;1717
l12;l31;1;1717
l12;l157;1;1717
l12;l44;1;1717
l250;l157;1;1717
l157;l29;1;1717
l157;l12;1;1717
l29;l30;1;1717
l16;l14;1;1717
l11;l14;1;1718
l11;l4;1;1718
l11;l5;2;1718
l14;l22;3;1718
l22;l11;2;1718
l22;l14;1;1718
l4;l421;1;1718
l4;l11;1;1718
l4;l47;1;1718
l421;l4;1;1718
nan;nan;1;1718
l33;l12;1;1718
l33;l46;1;1718
l12;l157;1;1718
l12;l33;1;1718
l157;l12;1;1718
l157;l4;1;1718
l31;l30;1;1718
l30;l157;1;1718
l30;l46;1;1718
l47;l11;1;1718
l5;l1;2;1718
l5;l18;1;1718
l1;l40;1;1718
l1;l41;1;1718
l40;l37;1;1718
l37;l213;1;1718
l213;l76;1;1718
l44;l30;1;1718
l46;l28;1;1718
l28;l5;1;1718
l5;l1;2;1724
l5;l51;1;1724
l5;l75;1;1724
l5;l85;1;1724
l12;l33;1;1724
l12;l80;1;1724
l12;l5;1;1724
l33;l12;2;1724
l80;l373;2;1724
l80;l33;2;1724
l373;l80;2;1724
l57;l76;1;1724
l76;l4;1;1724
l4;l8;1;1724
l4;l5;1;1724
l8;l35;1;1724
l2;l5;1;1724
l11;l157;1;1724
l157;l12;1;1724
l1;l4;1;1724
l1;l192;1;1730
l1;l11;2;1730
l1;l22;1;1730
l1;l40;2;1730
l4;l5;1;1730
l5;l97;1;1730
nan;nan;1;1730
l46;l11;1;1730
l40;l41;2;1730
l41;l12;2;1730
l12;l28;2;1730
l12;l44;1;1730
l12;l33;1;1730
l28;l12;1;1730
l11;l22;1;1730
l22;l14;1;1730
l14;l5;1;1730
l44;l31;1;1730
l44;l12;1;1730
l31;l44;1;1730
l192;l22;1;1731
l22;l14;2;1731
l14;l5;2;1731
l1;l57;1;1731
l1;l5;1;1731
l1;l11;2;1731
l1;l22;1;1731
l1;l40;1;1731
l11;l157;1;1731
l157;l12;1;1731
l12;l5;1;1731
l12;l28;1;1731
l12;l44;1;1731
l12;l30;1;1731
l5;l75;1;1731
l5;l97;1;1731
l5;l1;2;1731
l28;l5;2;1731
l28;l46;1;1731
l33;l12;1;1731
l40;l41;1;1731
l41;l12;1;1731
l44;l290;1;1731
l44;l12;1;1731
l290;l32;1;1731
l32;l30;1;1731
l32;l44;1;1731
l30;l46;1;1731
l30;l32;1;1731
l46;l28;1;1731
l46;l29;1;1731
l29;l30;1;1731
l5;l1;3;1732
l5;l22;1;1732
l57;l11;1;1732
l11;l22;1;1732
l11;l4;1;1732
l11;l157;1;1732
l22;l14;1;1732
l22;l37;1;1732
l22;l5;1;1732
l22;l16;1;1732
l14;l15;1;1732
l14;l19;1;1732
l15;l12;1;1732
l37;l83;1;1732
l37;l22;1;1732
l83;l339;1;1732
l339;l37;1;1732
l4;l8;1;1732
l1;l12;1;1732
l1;l11;1;1732
l12;l33;1;1732
l12;l46;1;1732
l33;l12;1;1732
l157;l12;1;1732
l46;l80;1;1732
l46;l28;1;1732
l80;l12;1;1732
l16;l14;1;1732
l30;l46;1;1732
l28;l5;1;1732
l33;l165;1;1620
l165;l84;1;1620
l84;l87;1;1620
l87;l22;1;1620
l11;l22;1;1620
l22;l166;1;1620
l166;l22;1;1620
l22;l11;1;1621
l85;l11;1;1621
l1;l61;1;1629
l1;l87;1;1629
l61;l33;1;1629
l33;l80;1;1629
l33;l77;1;1629
l33;l5;1;1629
l33;l87;1;1629
l80;l33;1;1629
l77;l11;1;1629
l11;l5;2;1629
l5;l1;2;1629
l5;l85;1;1629
l87;l166;1;1629
l87;l33;1;1629
l87;l1;1;1629
l166;l87;1;1629
l80;l33;1;1630
l33;l77;2;1630
l77;l11;1;1630
l77;l305;1;1630
l11;l5;2;1630
l87;l91;1;1630
l91;nan;1;1630
l305;l11;1;1630
l5;l1;1;1630
l5;l1;2;1631
l1;l103;1;1631
l1;l87;1;1631
l103;l41;1;1631
l41;l33;1;1631
l33;l80;1;1631
l87;l11;1;1631
l1;l57;2;1756
l1;l103;2;1756
l1;nan;1;1756
l1;l5;1;1756
l1;l123;1;1756
l1;l61;1;1756
l57;l103;2;1756
l103;l4;2;1756
l103;l12;1;1756
l103;l80;1;1756
l4;l5;1;1756
l4;l15;1;1756
l4;l14;1;1756
l33;l157;1;1756
l33;l12;1;1756
l157;l12;1;1756
l12;l5;2;1756
l12;l12;1;1756
l12;l30;2;1756
l12;l33;1;1756
l12;l29;1;1756
l15;l14;3;1756
l14;l19;4;1756
l19;l5;2;1756
l18;l84;1;1756
l18;l12;1;1756
l84;l15;1;1756
l80;l12;2;1756
l30;l15;1;1756
l5;l4;1;1756
l5;l170;2;1756
l5;l129;1;1756
l170;l1;2;1756
l129;l1;1;1756
l123;l12;1;1756
l29;l28;1;1756
l28;l46;1;1756
l61;l4;1;1756
l5;l94;2;1757
l5;l131;2;1757
l5;l641;1;1757
l5;l586;2;1757
l5;l1;1;1757
l5;l72;1;1757
l94;l97;1;1757
l94;l1;1;1757
l12;l30;2;1757
l12;l33;1;1757
l30;l46;1;1757
l30;l28;1;1757
l30;l12;1;1757
l30;l15;1;1757
l46;l98;1;1757
l46;l30;1;1757
l98;l5;1;1757
l131;l1;2;1757
l641;l1;1;1757
l586;l70;1;1757
l586;l1;1;1757
l19;l15;2;1757
l15;l5;2;1757
l15;l14;1;1757
l28;l5;1;1757
l1;l123;1;1757
l1;l84;1;1757
l1;l18;2;1757
l1;l103;1;1757
l123;l4;1;1757
l4;l83;1;1757
l4;l5;1;1757
l4;l12;1;1757
l83;l37;1;1757
l84;l59;1;1757
l59;l12;1;1757
l33;l12;1;1757
l14;l19;1;1757
l72;l1;1;1757
l103;l4;1;1757
l14;l5;1;1760
l14;l19;2;1760
l5;l108;2;1760
l5;l1;9;1760
l5;l70;1;1760
l5;l170;1;1760
l5;l85;1;1760
l46;l5;1;1760
l19;l5;6;1760
l19;l585;2;1760
l19;nan;1;1760
l1;l37;2;1760
l1;l28;1;1760
l37;l235;2;1760
l235;l15;2;1760
l585;l5;2;1760
l28;l421;1;1760
l28;l292;1;1760
l421;l4;1;1760
l4;l4;1;1760
l4;l277;1;1760
l4;l22;1;1760
l12;l33;1;1760
l12;l30;1;1760
l33;l12;1;1760
l30;l14;1;1760
l20;l5;1;1760
l15;l14;1;1760
l131;l1;1;1760
l170;l1;2;1760
l292;l12;1;1760
l18;l76;1;1760
l76;l4;1;1760
l22;l14;1;1760
l85;l1;1;1760
l33;l15;1;1685
l33;l1;1;1685
l33;l12;1;1685
l15;l390;1;1685
l390;l390;1;1685
l390;nan;1;1685
nan;nan;3;1685
l84;l91;1;1685
l91;l46;1;1685
l16;l390;1;1685
l80;l33;1;1685
l12;l5;1;1685
l1;l1;3;1669
nan;l1;5;1669
l35;l1;1;1669
l33;l12;2;1725
l12;l44;1;1725
l12;l290;1;1725
l12;l30;2;1725
l12;l31;1;1725
l12;l33;1;1725
l12;l46;1;1725
l44;l30;1;1725
l44;l12;2;1725
l30;l4;1;1725
l30;l46;2;1725
l30;l29;1;1725
l30;l44;2;1725
l4;l11;1;1725
l4;l35;1;1725
l11;l5;1;1725
l5;l72;1;1725
l5;l1;1;1725
l5;l97;1;1725
l1;l40;2;1725
l1;l4;1;1725
l40;l41;2;1725
l41;l12;2;1725
l290;l30;1;1725
l46;l30;2;1725
l46;l11;1;1725
l46;l28;1;1725
l29;l30;1;1725
l31;l12;1;1725
l35;l8;1;1725
l35;l5;1;1725
l8;l35;1;1725
nan;nan;2;1725
l85;l97;1;1725
l28;l46;1;1725
l72;l97;1;1726
l1;l4;2;1726
l1;l22;1;1726
l1;l11;1;1726
l4;l8;3;1726
l4;l5;1;1726
l8;l35;2;1726
l8;l4;1;1726
l30;l46;1;1726
l30;l12;1;1726
l30;l32;1;1726
l46;l28;1;1726
l46;l30;2;1726
l46;l290;1;1726
l28;l46;3;1726
l12;l4;1;1726
l12;l33;1;1726
l12;l5;1;1726
l35;l28;1;1726
l35;l11;1;1726
l290;l44;1;1726
l44;l12;2;1726
l33;l12;1;1726
l11;l5;2;1726
l11;l59;1;1726
l5;l1;2;1726
l5;l97;1;1726
nan;nan;1;1726
l59;l28;1;1726
l32;l44;1;1726
l46;l204;1;1729
l204;l157;1;1729
l157;l467;1;1729
l157;l4;1;1729
l157;l1101;1;1729
l157;l12;2;1729
l467;l157;1;1729
l4;l35;1;1729
l35;l8;1;1729
l8;l4;1;1729
l11;l157;1;1729
l1101;l157;1;1729
l12;l30;1;1729
l12;l5;1;1729
l30;l5;1;1729
l5;l1;2;1729
l1;l11;1;1729
l1;l33;1;1729
l33;l91;1;1729
l91;l87;1;1729
l87;l1053;1;1729
nan;nan;1;1729
l12;l33;1;1733
l12;l28;1;1733
l12;l5;2;1733
l12;l30;1;1733
l12;l324;1;1733
l33;l12;1;1733
l28;l4;1;1733
l28;l5;1;1733
l4;l15;1;1733
l4;l5;1;1733
l15;l14;1;1733
l14;l5;1;1733
l5;l75;3;1733
l5;l97;1;1733
l5;l51;1;1733
l5;l1;2;1733
l8;l5;1;1733
l1;l123;1;1733
l1;l57;1;1733
l1;l12;1;1733
l1;l11;1;1733
l11;l5;1;1733
l11;l157;1;1733
l57;l4;1;1733
l30;l28;1;1733
l157;l12;1;1733
l19;l5;1;1733
l5;l51;1;1734
l5;l1;2;1734
l1;l390;1;1734
l1;l41;2;1734
l1;l22;1;1734
l390;l14;1;1734
l14;l19;2;1734
l19;l11;1;1734
l123;l37;1;1734
l37;l4;1;1734
l4;nan;1;1734
l41;l12;2;1734
l12;l33;2;1734
l12;l46;1;1734
l12;l30;1;1734
l22;l14;1;1734
l324;l5;1;1734
l11;l157;1;1734
l11;l5;1;1734
l157;l12;1;1734
l46;l11;1;1734
l33;l80;1;1734
l80;l12;1;1734
l33;l1;1;1640
l33;l5;1;1640
l91;l87;1;1640
l5;l1;1;1640
l1;l4;1;1640
l5;l1;2;1645
l1;l103;1;1645
l103;l41;1;1645
l41;l33;1;1645
l1;l11;4;1714
l1;l41;1;1714
l28;l76;1;1714
l76;l4;1;1714
l4;l47;1;1714
l47;l11;1;1714
l11;l1;1;1714
l11;l22;1;1714
l22;l14;1;1714
l22;l5;1;1714
l14;l22;1;1714
l41;l12;1;1714
l12;l33;1;1714
l33;l80;1;1714
l11;l22;1;1715
l11;l4;1;1715
l11;l157;1;1715
l11;l244;1;1715
l22;l14;1;1715
l5;l1;1;1715
l5;l72;1;1715
l4;l76;1;1715
l4;l5;1;1715
l76;l4;1;1715
l157;l12;1;1715
l12;l29;1;1715
l12;l31;2;1715
l29;l11;1;1715
l29;l30;1;1715
l1;l40;1;1715
l40;l11;1;1715
l244;l28;1;1715
l28;l46;1;1715
l46;l29;1;1715
l30;l31;1;1715
l31;l12;1;1715
l31;l5;1;1715
l80;l12;1;1715
l14;l15;1;1716
l15;l84;1;1716
l84;l4;1;1716
l4;l76;1;1716
l76;l11;1;1716
l1;l1;1;1716
l1;l132;1;1716
l1;l40;1;1716
l1;l11;1;1716
l72;l1;1;1716
l11;l5;1;1716
l5;l51;2;1716
l5;l97;1;1716
l132;l250;1;1716
l31;l29;1;1716
l31;l12;1;1716
l29;l28;1;1716
l29;l30;1;1716
l28;l5;1;1716
l28;l46;1;1716
l40;l1192;1;1716
l1192;l244;1;1716
l244;l28;1;1716
l46;l29;1;1716
l30;l31;1;1716
l1211;l1;1;1716
nan;nan;6;1684
l270;l16;1;1684
l16;l390;1;1684
l390;l33;1;1684
l85;l1;1;1684
l1;nan;3;1684
l1;l40;2;1684
l1;l16;1;1684
l1;l85;1;1684
l40;l84;1;1684
l40;l12;1;1684
l4;l5;1;1684
l5;l72;1;1684
l72;l1;1;1684
l12;l33;1;1684
l33;l30;1;1684
l33;l80;1;1684
l30;l33;1;1684
l35;l5;1;1727
l5;l127;1;1727
l5;l1;1;1727
l5;l97;1;1727
l12;l30;1;1727
l12;l44;1;1727
l30;l5;1;1727
l30;l46;1;1727
l1;l40;1;1727
l1;l57;1;1727
l40;l4;1;1727
l4;l8;2;1727
l4;l11;1;1727
l8;l35;1;1727
l8;l78;1;1727
nan;nan;2;1727
l22;l14;1;1727
l14;l22;1;1727
l57;l4;1;1727
l78;l4;1;1727
l44;l290;1;1727
l290;l30;1;1727
l46;l28;1;1727
l28;l76;1;1727
l76;l11;1;1727
l11;l5;1;1727
l33;l12;1;1773
l12;l30;3;1773
l12;l29;1;1773
l12;l290;1;1773
l30;l5;1;1773
l30;l32;1;1773
l30;l46;1;1773
l30;l12;2;1773
l30;l15;1;1773
l5;l1;8;1773
l5;l72;6;1773
l5;l70;1;1773
l11;l5;8;1773
l11;l4;4;1773
l11;l37;1;1773
l11;l12;1;1773
l72;l1;6;1773
l18;l22;2;1773
l18;l103;1;1773
l18;l40;1;1773
l18;l41;1;1773
l18;l57;1;1773
l22;l37;1;1773
l22;l46;1;1773
l22;l14;1;1773
l37;l333;1;1773
l37;l14;1;1773
l333;l5;1;1773
l19;l11;4;1773
l19;l126;1;1773
l19;l5;2;1773
l103;l20;1;1773
l20;l11;1;1773
l20;l4;1;1773
l40;l41;1;1773
l41;l12;2;1773
l41;l4;1;1773
l29;l46;1;1773
l29;l30;2;1773
l46;l29;2;1773
l46;l30;1;1773
l46;l28;1;1773
l32;l290;1;1773
l290;l12;1;1773
l290;l30;1;1773
l1;l57;1;1773
l1;l11;1;1773
l57;l41;1;1773
l57;l11;3;1773
l4;l15;3;1773
l4;l8;1;1773
l4;l11;1;1773
l4;l14;1;1773
l15;l14;4;1773
l14;l19;7;1773
l8;l20;1;1773
l28;l46;1;1773
l126;l22;1;1773
l1;l144;1;1688
l1;nan;1;1688
nan;nan;2;1688
l80;l33;2;1639
l33;l157;1;1639
l33;l1;1;1639
l33;l80;1;1639
l157;l33;1;1639
l1;l103;1;1639
l103;l41;1;1639
l41;l33;1;1639
l11;l87;1;1639
l87;l1;2;1639
l11;l5;2;1702
l11;l1;1;1702
l11;l35;1;1702
l5;l72;1;1702
l5;l51;1;1702
l72;l141;1;1702
l1;l22;1;1702
l1;l35;1;1702
l22;l14;1;1702
l22;l5;1;1702
l85;l11;1;1702
l85;l1;1;1702
l80;l12;1;1702
l12;l33;2;1702
l33;l12;1;1702
l33;l295;1;1702
l390;l15;1;1702
l15;l4;1;1702
l4;l11;1;1702
l295;l157;1;1702
l157;l11;1;1702
l16;l22;1;1702
l35;l173;1;1702
l35;l8;1;1702
l8;l5;1;1702
l1;l33;2;1625
l1;l123;1;1625
l1;l22;1;1625
l1;l103;1;1625
l33;l84;1;1625
l33;l22;3;1625
l33;l80;1;1625
l33;l91;1;1625
l33;l1;1;1625
l33;nan;1;1625
l84;l22;1;1625
l22;l33;2;1625
l22;l85;1;1625
l123;l41;1;1625
l41;l33;2;1625
l80;l33;2;1625
l80;l157;1;1625
l91;l22;1;1625
l157;l80;1;1625
l103;l41;1;1625
l1;l12;1;1755
l1;l40;2;1755
l40;l103;2;1755
l103;l12;2;1755
l12;l33;3;1755
l12;l80;1;1755
l12;l30;1;1755
l5;l1;6;1755
l5;l108;1;1755
l5;l85;1;1755
l19;l5;4;1755
l11;l4;2;1755
l4;l15;1;1755
l4;l14;1;1755
l15;l14;2;1755
l14;l19;2;1755
l14;l210;1;1755
l210;l5;1;1755
l85;l1;1;1755
l33;l12;2;1755
l30;l15;1;1755
l28;l5;1;1755
nan;nan;1;1713
l33;l12;2;1713
l12;l31;1;1713
l12;l33;1;1713
l12;l28;1;1713
l31;l37;1;1713
l37;l22;1;1713
l22;l29;1;1713
l22;l5;1;1713
l29;l12;1;1713
l11;l5;2;1713
l11;l301;1;1713
l11;l1;1;1713
l5;l97;2;1713
l5;l51;1;1713
l301;l51;1;1713
l37;l11;1;1777
l11;l5;5;1777
l11;l12;1;1777
l11;l4;5;1777
l5;l129;1;1777
l5;l1;9;1777
l18;l11;6;1777
l18;l5;1;1777
l18;l57;1;1777
l18;l41;2;1777
l18;l4;1;1777
l19;l5;5;1777
l19;l11;2;1777
l12;l33;1;1777
l12;l11;1;1777
l12;nan;1;1777
l12;l290;1;1777
l33;l12;1;1777
l30;l4;1;1777
l4;l11;1;1777
l4;l14;4;1777
l4;l15;2;1777
l57;l11;1;1777
l28;l12;1;1777
l41;l4;1;1777
l41;l12;1;1777
l14;l19;6;1777
l15;l14;2;1777
l5;l1;9;1774
l5;l170;1;1774
l5;l85;2;1774
l11;l5;6;1774
l12;l33;2;1774
l12;l5;2;1774
l12;l15;1;1774
l12;l893;1;1774
l33;l157;1;1774
l33;l12;1;1774
l157;l12;1;1774
l30;l11;1;1774
l30;l290;1;1774
l19;l5;2;1774
l19;l11;2;1774
l1;l11;1;1774
l1;l57;1;1774
l170;l51;1;1774
l85;l1;2;1774
l46;l30;1;1774
l290;l44;1;1774
l44;l12;1;1774
l15;l14;1;1774
l14;l19;1;1774
l55;l41;1;1774
l41;l12;1;1774
l893;l12;1;1774
l15;l14;1;1761
l14;l19;7;1761
l19;l15;3;1761
l19;l5;1;1761
l19;l126;1;1761
l18;l68;1;1761
l18;l5;1;1761
l18;l46;1;1761
l68;l29;1;1761
l68;l46;1;1761
l29;l12;1;1761
l277;l4;2;1761
l4;l277;1;1761
l4;l5;1;1761
l4;l14;1;1761
l1;l68;1;1761
l85;l4;1;1761
l85;l37;2;1761
l37;l14;2;1761
l5;l14;1;1761
l5;l1;1;1761
l46;l12;1;1761
l126;l5;1;1761
l1;l1;1;1676
l1;nan;2;1676
l1;l85;1;1676
l1;l4;1;1676
nan;nan;3;1676
nan;l85;1;1676
nan;l1;2;1676
nan;l1;1;1654
l1;l4;1;1654
nan;nan;1;1672
nan;l1;1;1672
nan;l57;1;1672
l57;l5;1;1672
l5;l930;1;1672
l930;nan;1;1672
l5;l1;6;1754
l5;l22;1;1754
l5;l75;1;1754
l11;l4;3;1754
l4;l14;4;1754
l4;l5;1;1754
l4;l76;1;1754
l14;l19;5;1754
l19;l5;3;1754
l22;l37;1;1754
l22;l14;1;1754
l37;l83;1;1754
l37;l5;1;1754
l83;l339;1;1754
l339;l37;1;1754
l1;l41;2;1754
l1;l11;2;1754
l41;l4;3;1754
l41;l12;1;1754
l333;l5;1;1754
l76;l59;1;1754
l59;l28;1;1754
l28;l30;1;1754
l30;l12;1;1754
l30;l28;1;1754
l18;l41;1;1754
l12;l30;1;1754
l5;l1;2;1775
l5;l131;1;1775
l18;l57;1;1775
l18;l53;1;1775
l18;l37;1;1775
l57;l11;1;1775
l57;l4;1;1775
l11;l59;1;1775
l11;l37;1;1775
l11;l5;1;1775
l59;l28;1;1775
l28;l30;1;1775
l28;l46;1;1775
l30;l32;2;1775
l30;l28;1;1775
l32;l12;1;1775
l32;l290;1;1775
l1;l41;1;1775
l41;l4;1;1775
l4;l15;2;1775
l4;l11;1;1775
l15;l14;2;1775
l15;nan;1;1775
l15;l46;1;1775
l14;l19;4;1775
l19;l5;3;1775
l19;l11;1;1775
l37;l14;2;1775
l53;l4;1;1775
l131;l1;1;1775
l85;l11;1;1775
l12;l33;2;1775
l12;l290;1;1775
l12;l15;1;1775
l33;l12;2;1775
l290;l30;1;1775
l290;l12;1;1775
l46;l30;1;1775
nan;l15;1;1775
l1;l11;1;1744
l1;l18;1;1744
l11;l28;1;1744
l11;l22;1;1744
l11;l586;1;1744
l19;l5;2;1744
l5;l1;2;1744
l836;l12;1;1744
l12;l15;1;1744
l12;l11;1;1744
l15;l390;1;1744
l15;l22;1;1744
l15;l14;1;1744
l390;l15;1;1744
l22;l14;2;1744
l22;l2;1;1744
l55;l12;1;1744
l30;l29;1;1744
l29;l5;1;1744
l18;l22;1;1744
l18;l11;1;1744
l18;l4;1;1744
l14;l19;2;1744
l586;l220;1;1744
l4;l15;1;1744
l11;l203;1;1608
l203;l157;1;1609
l157;nan;1;1609
l70;l198;1;1604
l198;l11;1;1604
l11;l87;1;1604
l87;l11;1;1605
l11;l5;1;1605
l5;l1;1;1606
l1;l91;1;1633
l1;l478;1;1633
l80;l33;2;1633
l33;l91;1;1633
l91;l80;1;1633
l87;l1;1;1641
l1;l33;1;1641
l33;l29;1;1641
l29;l44;1;1641
l44;l33;1;1641
l4;l5;1;1641
l4;l1;1;1655
l4;l1;1;1651
l1;l11;2;1708
l11;l4;1;1708
l11;l244;1;1708
l4;l11;1;1708
l1211;l1;1;1708
l244;l46;1;1708
l46;l29;1;1708
l29;l32;1;1708
l32;l12;1;1708
l18;l1;1;1708
nan;nan;1;1652
l80;l33;2;1632
l33;l91;1;1632
l33;l80;1;1632
l91;l269;1;1632
l269;l80;1;1632
l11;l5;1;1632
l5;l1;1;1632
l1;l11;1;1610
l11;l204;1;1610
l204;l203;1;1610
l203;l157;1;1610
l157;l33;1;1611
l33;nan;1;1612
nan;l23;1;1612
l23;l87;1;1612
l87;l1;1;1613
l106;l57;1;1667
l57;l40;1;1667
l40;l77;1;1667
l77;l4;1;1667
